genome,merit,merit_given,gen,accuracy,door_rooms,exit_rooms,correct_doors,incorrect_doors,correct_exits,incorrect_exits,doors_taken_0,doors_correct_0,doors_taken_1,doors_correct_1,doors_taken_2,doors_correct_2, seed
"[88]PcJeAmCQKKdeEvrdHpfOOIoJkOcwKLRjDikibLpomrPibFNPchFRyPzrJIvBdtiKkAOnQDeohmBtvudDnOsGrPct",1.18305e+29,1.10543e+08,688,0.666667,3657,1219,2438,1219,1219,0,1219,1219,1219,1219,2438,1219, 1
"[96]owrcncvcJhoccuEDeNbNCccuBacgRFvOBHccQmccwapavqccubcscRuctfOcOQArlcbcHbpexIccncLvzKcpNEccMPcmqccP",1.18305e+29,1972.15,188,0.653312,1223,424,799,424,424,0,424,424,799,375,424,424, 10
"[79]JGbkfHirsfxcEfiEdjKxCdofORgRnQLfJBIBfBosdQmwltzkIOFQHhQcRmEnRJNLxxHlHeJnPjArDJH",2.44141,1.5625,2516,0.8,5,1,4,0,1,1,2,1,2,2,2,2, 100
"[124]JpvxkKtGqzJnOQQaAAGCHtgHaDtQulflBqrsRQaGoAtveLufHfmqcOlGkKRfpuDKElotJovnpFtNqnndAqbcadLHqouLLJARQzLJwDjcxiHbrbjAyFiEIsNxtkHK",1.95312,1,2498,1,2,0,2,0,0,0,0,0,1,1,1,1, 101
"[97]JGpCmBmcyOkfkoyJzhaejguDeGCKIztJCKegJCEkKuqedOrOjPMiknlzyyxAOywCiKEiqGwobabiaKdkPANPIjJIhoKfzFMHn",1.95312,1,2477,1,2,0,2,0,0,0,0,0,2,2,0,0, 102
"[106]KheoBRcNOcFqcncpERcbceIjczgzccGcohjccCOzccrnCFxJAcFcAkgrHcFcccNsNkcNMccsGMcLMkyHcduJcfHEBnRrIRqecczoKPteAH",1.18305e+29,1.59309e+06,187,0.666649,6.06935e+07,2.02322e+07,4.04613e+07,2.02322e+07,2.02322e+07,0,2.02322e+07,2.02322e+07,4.04613e+07,2.02291e+07,2.02322e+07,2.02322e+07, 103
"[88]JJvMqKwtCHRxcBqLmQgBazzExmtutOGGLoGJbeukgxHoRMisBlJaENgwtRMuHmjLzrbGzDQMwRPCwabKEqafcghD",2.44141,1.25,2508,1,3,0,3,0,0,0,0,0,2,2,1,1, 104
"[113]JiGjhKvQgqAwDyPJPFxFDMGHopgzjCeaweBuHDcQzRIncbbIyFMpisbqvrQljuhvAfxfDyElJfedeMIRfLFPAOweoACOJEvqPcehBOxQwxoIxfOuk",1.95312,1.5625,2575,1,2,0,2,0,0,0,0,0,1,1,1,1, 105
"[87]KzbHiMEvGzhRHplHFPrkKQMRKLKfDLIyvrnGLcqwyLuFkfJAQCqGCBmgoCzErhfGklvGktnRdKfAidLpqQkOiNs",3.05176,1,2552,0.833333,6,0,5,1,0,0,0,0,0,0,6,5, 106
"[129]JfhnGelBCCFMIJFAjqoIHOknPHvOKminBzOgwdNoNKnaNzqHKBQpMnsfdQLNKxGuemMlAcQvxemdmbInesDDgjHopPeJcGPJnpqHLoFetcOhruyslCJJiAsrPjfKjPDez",2.44141,1.5625,2494,0.8,5,0,4,1,0,0,0,0,5,4,0,0, 107
"[102]iJaDCnuJiaxJwGqQcQOanEreypgrrqqzeEGhQzNNjDfcdbiddpMOAMhBbwJCfAgbDiIQKPmyfbvQCoRGeNHcoeaqgPfrfkzsLskzQf",2.44141,3.44141,503,1,3,0,3,0,0,0,0,0,6,6,0,0, 108
"[102]abcydmCRNckRyAtEJcBiACAhEFNswJuwtPllQNPcCPevJIHQczdJKHcRNbeQwPceINGIQcfeiJCLgHKkmuylpMCCELzMipqwourFlR",1.18305e+29,1.19851e+10,883,0.656522,1840,631,1208,632,631,0,631,631,631,631,1209,577, 109
"[96]JHRaNQdfbccnIKCaNxsQAdrqnvmuHvabionHtNbijElgypQNAJbkblekNlEtsccHCaksqfRIfgFAFwCgooikgwyPpxgwmhjE",1.18305e+29,3.40637e+11,1512,0.662057,2965,1001,1963,1002,1001,0,1001,1001,1964,962,1001,1001, 11
"[74]JOPmGqapRMhdEFJBtbuxtwdwHJhbwRxDxIiNIbgJOjpGpfmegRKdtjfdydvuhyfxyzvJymqdym",2.44141,1,2494,1,3,0,3,0,0,0,0,0,3,3,0,0, 110
"[76]iJrdvrHNMIpcbQOKJqJtarHlhuwBqjajCptwmFaKOMEzRQHeoDhIHPCKsQfAfwdGPmtqaRffhflj",1.18305e+29,5.2711e+08,2869,0.662577,2934,990,1944,990,990,0,990,990,1944,954,990,990, 111
"[56]KFqObmbnsoxgMRdiNMlwyjuKlwnHFrLQGHPIsyBxRgMDQEHtyyPlugsx",1.95312,1,2493,1,2,0,2,0,0,0,0,0,0,0,2,2, 112
"[104]RQKGoDJHxjkEFmiaJHvaQCIKqPgCIARwcFzuIfkDvHFBaKlbpRzKAaMBnzEfemzNoQznorAcgmzAbhzgoNgqpwHcvQHHCulqIzHOdazy",1.18305e+29,1.39525e+11,1975,0.664881,28554,9569,18985,9569,9569,0,9569,9569,18985,9416,9569,9569, 113
"[64]KHmoIJHRavfCFbBQQNdFQLCmcKIwlKlCvkCQkOEJzhgIExvxkrAlzykefvOfFfIK",1.18305e+29,1.89091e+13,2278,0.670664,4169,1373,2796,1373,1373,0,1373,1373,2336,1425,1833,1371, 114
"[100]JGiabPPAdkvnpIpGDDKuHcsRDsaijMeRxvkfhkQzFDfiHmMqlOdMotrNKlJOwKRqpMqlRIBCBtLlKwAjyOIhaoBJvKwIbIILMrCB",1.95312,1.5625,2526,1,2,0,2,0,0,0,0,0,1,1,1,1, 115
"[95]qGvORocttxdhwQgbrpAGEecyMgfcyacpIcjmFCcdpcfccmQKucLmivjxJHcmjcmbLRFyFkpRkcpcaBQccsgcLEIcpcyHnEj",1.18305e+29,136847,233,0.671681,1529,501,1027,502,501,0,556,555,1135,579,555,555, 116
"[120]JGhnKwPaOqpgqtpjjCrrDDBKpgKspKmmjoelPmDNcKGDGuyxgCLIMuAFCIJaDglAkJBsbPyIEFQcrghkpGeLirqjCBrEmrlzsHOxIxRkMHMMBqungIDEKyfR",1.95312,1,2551,1,2,0,2,0,0,0,0,0,1,1,1,1, 117
"[102]qGaEaKMHOjOeHaDQfcvtJspcyhvimjHzBfGadaxLLczvfqtjbNkHlcIcLdbuuiMpibpvBGhLtGHQyjmOBLhKtGamQhQHDqhBIuzfyu",1.95312,1,2491,1,2,0,2,0,0,0,0,0,1,1,1,1, 118
"[102]RcgxmCcePIwIEzppovPDyERhDgelydRcncdgFcOcBhnlBRzcecJHohrjsFKycjgbiFxvbciLigjcocdLEHdycOdMKAiObAPcGpkheF",1.18305e+29,330.872,298,0.652863,1135,394,741,394,394,0,394,394,393,393,742,348, 119
"[91]RAtoOkBhBuECoKPNpGEpjuJeHbNqDezMIRqDKmssyiDyGCrdIKqPvBNpynyCFlrbyhrjrjBnCmJrehhpxNBLzwsnHye",1.18305e+29,1.51273e+13,2941,0.667136,68842,22915,45927,22915,22915,0,22915,22915,45927,23012,22915,22915, 12
"[77]JsguoGqFjKRpCJpIOwAGFapurJCabBzJCCmgBCftLNDjDzgIvEIbzgpxKrlGgLznPOwcdqtnCoKoe",1.95312,1,2581,1,2,0,2,0,0,0,0,0,1,1,1,1, 120
"[125]KgGlkQIryRccnLMheAuFMeJiiMaytdudFKeMMQJBgolHmwkrlbROCfxPvQqGjpgtyIiHpymJMmgjscNiuHCPcFNsIvHsORuHENlCpllqrAsOQoNeIscpiyxudrhQl",2.44141,1.5625,2557,1,3,0,3,0,0,0,0,0,1,1,2,2, 121
"[80]GJkNyhzEuHQDIppKJqJqvffzsvGgvbzoIcCmOCrCbPjqjhNEvuEzLcdvwQAuKCQCgRvEcrDNJbNGwfry",1.18305e+29,1.74406e+11,3219,0.664365,11873,3984,7888,3985,3984,0,3984,3984,7889,3904,3984,3984, 122
"[99]jzhdQyrDQsJHcqIKqcNGxRAHOmotfbcBNfnIfFmnQHsCKaxbMOusCdMKNLtBLrsGRqfNgFFHzhslAAenbKbQwJmNcRzueFkknCi",1.18305e+29,1.52747e+16,2438,0.667791,100461,33374,67087,33374,33374,0,33374,33374,67087,33713,33374,33374, 123
"[109]KevnltdrGqpBJcNEbonCikxqBmboPjirqdlyaqHoAbcjnpuvszFnOkyyLmCpANQMraAGJrJavqzoPHxOmrOtzwLFKssvfLOshtxCLxzligHMq",1.95312,2,2470,1,2,0,2,0,0,0,0,0,5,3,5,4, 124
"[119]JGdMJJrNsMAHDmdFiFeOLdiulcGCnBzqrnncwQwsKyohJquJFOtLnFwvPEKGLGFpEnrrlDHDiRnoPPGtEvIRHqhcLtlqEbvkRkFOBuktkBKfbrAQpOkADIn",1.95312,1.25,2486,1,2,0,2,0,0,0,0,0,2,2,0,0, 125
"[100]CMPdBaLLGoNHKblklvJHNqIgKqisgmAGEnCgBfhagAdjHyOenCCfItBHyQkLhNxudlrdjHalhtpHihwjoPHozirPoNrJaHKFRnps",1.18305e+29,1.22197e+16,2118,0.66616,96744,32297,64447,32297,32297,0,32297,32297,64447,32150,32297,32297, 126
"[90]tjCPOcuHeiBODecAcMpOwLlOcIQcoFgbmnbcQKtyEccLKnHbgMIocuHbOgxccfNPcKdOqsJhcqbecefHctcccoEofG",1.18305e+29,1.01958e+06,451,0.805097,6357,1239,5118,1239,1239,0,1239,1239,2976,2560,3381,2558, 127
"[116]KCrGPEpMGqbxiLkGfvaobHplKvggBszkPDavufedzfApJRABChdEOOGpecovcGiclgpNhtAjCehPedztOiyGAgofdxhEJufdfeoPazaHBfajpjJgnrKf",1.95312,1.5625,2576,1,2,0,2,0,0,0,0,0,0,0,2,2, 128
"[96]HQcOJpfcGKHbRKRduPkEiuHOrrHampCouwcivIBzuaMlhvpQGvhpktPFFyQPCzLJHQaayoIqGEGlrGHxnKuHyKrQQFhIIpwd",1.18305e+29,4.90909e+09,2584,0.682119,1057,336,721,336,336,0,336,336,336,336,721,385, 129
"[92]oJwGJlgRKFJBukkkmLjyeokHklGgLeCHdeEIzbfeigskrmqAKdDRjEQajmtQnfmLJrIhCbOJhzJGpIlJIFRyIfGeHtvR",3.05176,1,2140,1,4,0,4,0,0,0,0,0,3,3,1,1, 13
"[67]RldbPdElyNpJqfIcJjcesHnJHqbcOIwceiHDdeBKCpAkAarKIjuEeukjaDLzEjbtaod",1.18305e+29,2.40992e+19,2906,0.997732,441,1,440,1,1,0,1,1,209,208,232,232, 130
"[108]kKJwGqBOljfOKoedriqtjqPRHsGGPnHJmrAeQLgDdsRKCqGeAcdrJQCbrFIKuNFgOxpbpzxOlsdCakyrxBvtQlMPRaqCjNBPtoQQvQJaczwM",1.95312,2.25,2528,1,2,0,2,0,0,0,0,0,2,1,2,2, 131
"[101]GnjtJHcqIKqcqyphJQPzJxpigJBMKsozEnuDtLHCrHMjylhQbQQGCdChBrsRdPOzBqcguBxtsvbIirgNMCiBeHRnvlRwxMQyNfHPf",1.18305e+29,6.71788e+14,1827,0.670042,3061,1009,2051,1010,1009,0,1009,1009,2052,1042,1009,1009, 132
"[81]AjyxJHcqPaILKqenBLQrAbGPdteknKcrdNjHdhRJAnuopvhrpohRGzvHhJioGInwtqtIEmRbubaaqsoxL",1.18305e+29,5.77061e+13,1761,0.66261,2383,803,1579,804,803,0,803,803,1580,776,803,803, 133
"[77]RdLEcnlpeBABoeltEMJLEuKHQqDkJtNyAoKPnHCRMqlxoGIJqkOiBywxFeIcJvKfjltficmdgJAjL",1.18305e+29,4.95692e+12,1977,0.671192,4346,1428,2917,1429,1428,0,1428,1428,1428,1428,2918,1489, 134
"[100]CktjCkDjdOaKwbpPdHDksKHQqIJoqCqNhyKJkJdnHFeMECabcnifmRlGqauiDfNJtyKgxQlyoLgrRsrRlJJHteJpcbeRCFkLQedJ",1.18305e+29,4.61649e+13,2995,0.658625,5762,1966,3795,1967,1966,0,1966,1966,1966,1966,3796,1829, 135
"[94]KzyGnykhwadcMPNcJRgPtvFAMBFQczDlwbHhhEbalyjeNAvhAplmPzlbhabzuhsvnivNlqEwnshRrbfdCtGvpkkIjiGfoh",2.44141,1.5625,2397,1,3,0,3,0,0,0,0,0,2,2,1,1, 136
"[104]FLscHHKxBsHGnJqjiKhlPAmkQbQRxPlhuoOzMFgmvwitoRpavNhGHcOqleCOagIwoDAvMAhgjCKjPADkjHxdRbBmOheqGeewrnAawyCQ",1.64011e+15,2,2347,1,156,0,156,0,0,0,0,0,382,84,73,72, 137
"[97]KMkKvGRraBkIycnsgqbwHejwzAFttoOrsedNQelwGKunNEbFMockQmDRgRQorJQQMbfofrsMbHbjdAeqNNoahqkcNviDIvCEo",1.95312,2.95312,2328,1,2,0,2,0,0,0,0,0,0,0,4,4, 138
"[92]KKFmGBbuuGqIzzGFeGLjdbnHMabCIzqttGLPtngvafFDHfnACiKmulheDBkxaqvkKmjurkLolCpFgvLsmgtIfBrrqChA",1.95312,2.95312,2552,1,2,0,2,0,0,0,0,0,0,0,4,4, 139
"[92]zwcCOIAIIukHRHJOIaPBPROcFktKHcqIJqdqMRrQAvuDyjwanNopCFDHJquqaIxvPlqLygCEjjdDpnBxruiaQRjhPQRc",1.18305e+29,1.40884e+14,2384,0.665552,61606,20604,41002,20604,20604,0,20604,20604,20604,20604,41002,20398, 14
"[100]CuMcOmccLJccqcccfccFoGtKccocacHncECccDccbfucccoLcQdccAQvcEQbcdDBhEcHkccccclkfCcccFchHhzwpicoxItcaxcA",7.67046e+09,109477,144,0.657321,321,110,211,110,110,0,156,156,156,156,308,152, 140
"[65]KGlxpntmkPCrKJfkzwiAeBvQGNQdArcRLnGeGqLguqmQteaffdxovzmkssgQDBFmI",2.44141,3.44141,2540,1,3,0,3,0,0,0,0,0,3,2,6,4, 141
"[119]JGKLcuLqIAoKIjxumjsmCFJuJKhIgCqDRqDGcjuhuhJpkBqzKdDrIexIEPArczFNJJvcpDkyEtsIEFfFqDsklJlPvFcidNbEanldDhILhfAHxPKMvQDjHuq",1.95312,1.5625,2482,1,2,0,2,0,0,0,0,0,1,1,1,1, 142
"[103]OkJacKxshvhtGoBDBHhmKvkduuGCkvJBPauAhxIDoFakxvHFuuwRjcLcRnjlwzsptznpAlJLqJxvACkkkOlCmHnmmhxzuiloJdJcQvm",2.44141,2,2458,1,3,0,3,0,0,0,0,0,3,2,6,3, 143
"[112]JJiNEdFJslvfpbDaErwwmzgvyKAfbEruMpvNLsbBGlCsaftHzKivqBgLokMpeiBkxztbwPkBJxgGqkIgRPyNAQMqdbQuBstrBeuHnpkMejBOnLOc",3.05176,1,2578,1,4,0,4,0,0,0,0,0,3,3,1,1, 144
"[64]KHHoIoabCJRvDhxNRICbeLhxlyrwIweGktdPvljQpRKrsDkjtGCFkdzerAbhiHBC",1.18305e+29,8.31633e+11,1958,0.666869,24651,8212,16439,8212,8212,0,8212,8212,8212,8212,16439,8227, 145
"[123]KGMqzgjJqdgNsPmEidCwxjjsOwxAvjfejqtBdlnhqapOfbvwIRDlGQgBrlibFuQNGcjyCauQHHPgDPrAbOgdmRGjdgxaQlhLaGpfJalnlOzRfwQdKoxsxKPQyou",1.95312,1,2481,1,2,0,2,0,0,0,0,0,1,1,1,1, 146
"[106]JiHbEJyeKfkrtGPOoafbRrkucvEELNdEvCoysDxeQrwPNkwnakgawapsQpNfeQGeLjgrGQlGLIKcEcgfixexLslvJaKOxbyfphmJhemnQx",2.44141,2,2487,1,3,0,3,0,0,0,0,0,8,3,4,1, 147
"[87]JGgGqOLJGOtRvrygpePwwhfcFezfxFyykqhnIQiAQctjycRkxMwPIOtIpfuxzkyRmPKIHNOjbcpGRsMoeonoNxy",1.95312,2,2517,1,2,0,2,0,0,0,0,0,4,2,0,0, 148
"[99]RscoOLgceicxkaccPccxFdJcQhHjcesccdccaNtcgccNcjNcikcPhCcnccCNccFccqFbccIQccccKcnHKAChqcfelHhfczItjKG",4.12234e+24,3081.49,225,0.65872,797,272,525,272,272,0,272,272,526,254,271,271, 149
"[80]fRcetabkfcMOBcnEDsaFdabdgBGMqovLJoDePPDfAwAzFPwgcoGMrwcKcNcHcRpacdNMcLjcbawfcIia",1.18305e+29,136846,662,0.670755,1060,348,711,349,348,0,348,348,349,349,711,362, 15
"[98]rcJkwGNbfmhKKAfkwoukHyxDkEtpQkEnRsQMhznCpkDMCbzIffxfCyfQGwgmezhgwaJtqAaeeNjxswFRKbrqaPDJvzusgOcAzk",2.44141,1.5625,2468,1,3,0,3,0,0,0,0,0,1,1,2,2, 150
"[88]bFQFFgRmlnMyDnDJKOcRHQcqQbecbfNEgmcIChmHGBPpdyqtxabywNxaQLReIOcAvaKFejKaRFBJCnaeDJmyQgNI",1.18305e+29,1.28689e+09,2641,0.665035,3472,1163,2309,1163,1163,0,1163,1163,1163,1163,2309,1146, 151
"[87]KzsyGmRfzFlMDHJEDooBBzOJqmwsMwfFoHGxGLFMmCsHlKforCIbCmqwuklxMoADNlPGsxGudcljeCmyuHsPKRJ",1.95312,2.95312,2510,1,2,0,2,0,0,0,0,0,2,2,2,2, 152
"[105]KGfOqJJxOFGCdbMqAkqsnbtOypgrAGHzmLioPqjPgkzwuDNsweRDjvPGNDgJQOJaProvQdePnDjKGvyLEdLJaqHFRsrkxrlNlNJmIElwN",2.44141,2,1027,1,3,0,3,0,0,0,0,0,6,2,3,2, 153
"[92]COAutrEJRiHNyOvQvrPuNmEsnFFlOitBCwlvjzLEAIsqHEjzDMqwkEFGnuKEfaHcqMfnHIMfpkcceJqMrCnKuQDREvNm",1.18305e+29,2.92605e+10,962,0.666815,17987,5992,11994,5993,5992,0,5992,5992,5992,5992,11995,6002, 154
"[121]JKHgFNNxGCluEGaCjNouCPvRbPlbJCBMBOGPlvaNLrHnviLFPFIelFJkfhbiHKnGrEbgFuLKjdIRMGNRaRxMhaQnyxgunAivFaLzdHLvdKAkdxgfiQsmGxlwh",1.95312,1.95312,2440,1,2,0,2,0,0,0,0,0,1,1,1,1, 155
"[92]BceDpOHFchjddFpAgjHcgucJEccPccccfccGjDcfBfecHRavpHclcrzcNGeoyMzaLyjcfdrDucMsOiccwcbcOQIoHKeo",1.18305e+29,7.21326e+13,277,0.666672,7.08159e+08,2.36049e+08,4.7211e+08,2.36049e+08,2.36049e+08,0,2.36049e+08,2.36049e+08,4.7211e+08,2.36061e+08,2.36049e+08,2.36049e+08, 156
"[98]aMQBzycxQpaRsiuiNsJHcRgQbeeGIKqqHHGpggxdlbnuRlrbntKucAMGnLQntfyvRRRetORlkrruKRdHuiRqwLglGCAHDRvGmv",1.18305e+29,1.18305e+29,1353,0.670161,1431,472,959,472,472,0,472,472,959,487,472,472, 157
"[84]CzlAcAKAwlfsBPRJEwKHQqocQbDePPlykvPIkCeJrwQfIJqPisidzkqohJDzBasDdOhOywMQgBiEPLbtAanJ",1.18305e+29,1.39525e+11,1878,0.667026,1853,616,1236,617,616,0,616,616,616,616,1237,620, 158
"[91]jEotKHcqOIJqesyBatwFeHNxfmqGBnjxdDgmCKrBBDivitIruciPEmiyIyjzdKiFIyiIbLaxxasKhPEDOApdOFHcLEA",1.18305e+29,1.22197e+16,2505,0.667732,29407,9770,19636,9771,9770,0,9770,9770,9770,9770,19637,9866, 159
"[78]veqxJciqBnNIQHmeEpGsIeeyARyknebmwQqFRRoqheaioAeRdmmiAkIResKHRakIJqlupRCdapLxmC",1.18305e+29,1.03954e+12,2165,0.663812,934,313,620,314,313,0,313,313,313,313,621,307, 16
"[116]KGqrOpwojpjKtLEagvjBxpcwRKtDpprtkxpAtzytKEDAGPRatMhlvvbedsdAnkJHExowcOhCwJkdngrvOcDBrKEmFQkgIIpHNlPDRhqsbBDvjkfdaLsu",1.5625,1.5625,2491,1,1,0,1,0,0,0,0,0,0,0,1,1, 160
"[75]KGKtpLmswwHBCKtIoLOFydjIyAgFJHEpvEsgczGGLQDMMOwJdeznbesLBKCziiwrqnMInAPMuiv",1.95312,1.5625,2504,1,2,0,2,0,0,0,0,0,0,0,2,2, 161
"[102]gOpvOyhuJMdjHoaadeoQqPagcNGIKqIAhDbqmPocJJKAeCAOyDNQEtgOMGuFfEBogABjezbCgndsIHPzFmwRtbqkqDRuNOsznpIdbc",1.18305e+29,1.18305e+29,1395,0.666665,1.11481e+09,3.71605e+08,7.43203e+08,3.71605e+08,3.71605e+08,0,3.71605e+08,3.71605e+08,7.43203e+08,3.71599e+08,3.71605e+08,3.71605e+08, 162
"[97]JsKoPuGdqDjHGxxocMLylqfuQfIDEbarqioaLdnRcrAQLClNiJftnfbbuuvkcjIEhiGmqEQGxCeJjgBuNDnpNytiBCCmLgzJl",1.95312,2.25,2495,1,2,0,2,0,0,0,0,0,3,3,3,1, 163
"[102]JGdBgpHvtExyMNaPoHEdtLhGdKmuFwEBPxPdKgbRjJFfoBHkuzsRxDKPkpHgGFEAlkiqmKGfQnAwuoKaLJArLlgzyEuBpLfrsgfirP",2.44141,1.5625,2523,1,3,0,3,0,0,0,0,0,2,2,1,1, 164
"[100]QpdNPwFucOglhiEPiLrDxfmtGNzHOMQqbkdPaRMAptLpKCduKHcqcmNcoqcdpbEIJqdxekaBILHyesJHnKOcpgutgipPkuKIpJfR",1.18305e+29,1.39525e+11,842,0.663504,1792,603,1189,603,603,0,603,603,603,603,1189,586, 165
"[119]KtGQebPMeqaDLfHJbhNRiOOMHmCuwufnLjPmpdaaFaMvraaCHAyhCbsEGAjwcldxKmryarfLDyxPMnedCRcRzpuhLrvJIAJfbRnueHKkpvcCiyRPeFhOIrt",1.95312,1,2540,1,2,0,2,0,0,0,0,0,1,1,1,1, 166
"[103]mRFcHNfczBjPccHIcccccCcFfgggjccEcpcmticccpcccjciEccgcycscqccAOKccyNJEPPccqcclcFicNcrzccLccucKHcDcDcccOG",3.26605e+21,646.235,122,0.651163,731,255,476,255,255,0,255,255,255,255,476,221, 167
"[94]xefcucqccwcccjcaeycccjcccxicccMJEccocpEctcccccccccccKoPcyHcDccRtIxcacjfRLacsucQDnLgcJqccttcPeG",1.18305e+29,18367.1,201,0.658307,1276,435,840,436,435,0,435,435,435,435,841,405, 168
"[110]JiKGQKtulnGGmCBsxCefadjLNvlCuJwRNbvDlbrfKnGDgijlBMGvHRsLhdpLOrKqNsJMkIveeHrDuxtpfrjybMPikEoEcociFbHQLoanvIwobM",2.44141,2,2537,1,3,0,3,0,0,0,0,0,2,1,4,2, 169
"[115]dJAedJfsGqnOtpbnigGLegvMReIpsznfzLKQJlPNHDAbrQEduBqcBiIbyzIJfKtRJseisJINwiFHPraccjqLGDpofMgoLRucatJCrARsBvRBmjnlgKt",1.95312,2,2542,1,2,0,2,0,0,0,0,0,6,3,0,0, 17
"[95]jvrolLFMviNghLHfwrxEeHcouGOJlHAszpqpcvkHGnKMDqkbhaezBLtdPhvgMpiNhzfwasxxsihxCeclcFsRLeFLEvRctsG",136846,1,517,1,52,0,52,0,0,0,0,0,20,20,32,32, 170
"[67]KGndcGCnedIirNlvolKsRrbMbxgevkJuAGzHnqiBGxlNQhHcaMfBphygFiNReEwzncG",2.44141,2,2494,1,3,0,3,0,0,0,0,0,2,1,4,3, 171
"[104]RtPvAlADjqDOHNJtxJLHQqIKqzsHyHJIkBCvzPRiGrMJMLIfcgGqnFeBpxgrDJtwPjpBGpeIdLxuzJjMcKcnkHwFpQMkKpJvPgkOfIbM",1.18305e+29,3.17243e+12,3230,0.654474,1777,614,1163,614,614,0,614,614,1163,549,614,614, 172
"[76]KGiufyHnxOOjKOshhGamDiRgJJLAvnqkQwwhNaPpmpsaEHxaQuhLanlLnetLxyyFhCidufeNmGNs",3.05176,2,2551,1,4,0,4,0,0,0,0,0,2,2,4,2, 173
"[75]KGpxEGRFvLzORiyAtcjxaMpvFKQlCnxdQyGOPwmvttwRExApzAeDgpxpbgDNOmipdOmegIGHDGH",1.95312,1,2554,1,2,0,2,0,0,0,0,0,0,0,2,2, 174
"[96]nJaJLuQHdhytNsGheLAQPJiEmqoeDriJyodaNibyritpQfJhptshzcHLBQkoyHxBgqoByJqQQgtshIvbBjoRkIPgyyHuvexB",3.05176,1,2567,1,4,0,4,0,0,0,0,0,4,4,0,0, 175
"[86]mDeecnzmoQDaEQCxGeuJPfgHdiRcIicclQccccdccGpeeFmiagcKibbgqOolylqbQLrbnKzchhzLIrCCCqhkQc",1.18305e+29,1.18305e+29,687,0.667179,1301,433,868,433,433,0,875,875,1756,881,874,874, 176
"[88]JKuGqKoFmJjsQCrHqjloJaKkERyPyRHxRyzPbbbvkOBCPeoDPOkgvaCPQywvbJlfRrebsdaljwOsoPMkqjocnafg",1.95312,1.95312,2537,1,2,0,2,0,0,0,0,0,1,1,1,1, 177
"[89]phQrPcoEJHOFbqNnxAqeQoiEOhraIRrHmMlJlnNDrbLjElcrLthpKcsHQtFlKMiHjIvIKOFqdbJgLwenxHmkkKFpC",1.18305e+29,8.92959e+10,2740,0.665957,16917,5651,11266,5651,5651,0,5651,5651,11266,5615,5651,5651, 178
"[56]MDRFQQxAaQyMGJuNztsAPLbFduOikOwsCceKHcqbczInaaGEcMRmJFqq",1.18305e+29,2.92605e+10,1632,0.674663,5044,1641,3403,1641,1641,0,1641,1641,1641,1641,3403,1762, 179
"[89]FkynLOfynvKPebamHcqbIEDvcAGBeMcDoOLczfovPiaJcqpgtOOerQjDlGodksIzPPPuaOlbxgfPCnaPQwkipDaOo",1.18305e+29,2.92605e+10,2077,0.668329,2807,930,1876,931,930,0,930,930,930,930,1877,946, 18
"[92]JGsKGDkvPavNsfmQQvxnKcmfoLmGPQAnyaauqFHaJBpqupMnsBfqakaspkodaMclnuosDKMKxIObMqReoLDQlfptOdga",2.44141,1.5625,2519,1,3,0,3,0,0,0,0,0,1,1,2,2, 180
"[100]wCBPFcojecvpCcNcocfcKfMczaHccPccMQcANcCEsfiNcQfccccytcchQAxcIcjCcccRccnccJckQcPccLJwccqccBCfOccrQcMG",1.18305e+29,1577.72,138,0.672502,2342,766,1575,767,766,0,766,766,766,766,1576,809, 181
"[97]KzkEtQqilshdoffcMaDaaJMsIwgNBOwAOBoqbNjeAvvivswmsBpsNDuIwgpKwInbPlwGFFEQLJrBweDHIkbgdieQywnLLjvER",1.95312,1.5625,2440,0.75,4,1,3,0,1,1,2,1,2,2,1,1, 182
"[40]kmDOpmbztKHcqIbJqdGgbqRglBbbzJIaeJlJgqKd",1.18305e+29,2.56267e+15,3545,0.66548,27535,9211,18324,9211,9211,0,9211,9211,9211,9211,18324,9113, 183
"[85]KsvJFKtBuGCBCxOmuPuEhmNFuoEvdaEPkfPclCwdInJKbmAglGzNahmeCKtBzmxJQiCAmppIfNILyeyKMvjds",2.44141,1,2536,1,3,0,3,0,0,0,0,0,1,1,2,2, 184
"[130]NjzoBaaGflCFEBgAFlvbEALpejOfLAxKPbfaozHRaIDpBHdpKOAhOxDnByPvPPJqDqiwetEtlbkzuDBhPEBlKvbIcPpzQKhGnoyiofcjeqdhpHMtCPlBGmmtiaQCEvrwvd",1.18305e+29,9.58807e+09,2868,0.663467,3542,1191,2350,1192,1191,0,1191,1191,1191,1191,2351,1159, 185
"[107]KRGhkONzCQyyvxgpskmOQaJmGAqagwBFOfhwDoByEoENgPPdbhFyqNqRhidziRlPGDmnCsFGwzOOIbFGyGRDLnsPvBiEEjEBQtivGsahQjj",3.05176,1,2506,0.888889,9,3,8,4,0,0,0,0,0,0,12,8, 186
"[103]cccQulNucgchLckpcImcccbpkucHccKcAccccgwcxcccrbHcgRmacQjHHccCddPNczAcqIlccMRpccOOcdFxmlcJiAuwokcicPswkNP",1.18305e+29,264.698,155,0.680782,921,294,627,294,294,0,294,294,294,294,627,333, 187
"[102]gJyyzEaGqaAGOGrKBquLIdbGrvREbcAIoErOqPpsxoaoBkaNNaOGKrraCGsOQmDAcdxoPPHGrNzzFIDjEonnokMIvgaJoKFkuGNjwD",4.76837,1,1661,1,6,0,6,0,0,0,0,0,6,6,0,0, 188
"[82]pokjmQHmJHDNwbicdwcRoffNJDPlkdGdHRFResOLgEolIcKFqzBBJPRhcfeGInIcszCbwAeHJPDkJvodCP",1.18305e+29,4.57195e+10,2256,0.667123,5840,1943,3896,1944,1943,0,1943,1943,3897,1953,1943,1943, 189
"[102]JGfNFJQtaydBxQFtLKOwAnLpJHbmklamFwICOtLoDDfyogalCtQelioIDcspzqeosrNtDPknmunGIcPGpEpvjCcohHGpolKAAkgcEb",2.44141,1,2499,1,3,0,3,0,0,0,0,0,2,2,1,1, 19
"[81]KMqrEneuzedfmdxKJzbsJduGzqKHDiDHBIqrRpdJBilOkMmBtBGrEHqbblLpuiQEtyvoinRNoPvAfubzf",3.05176,1,2517,1,4,0,4,0,0,0,0,0,2,2,2,2, 190
"[96]pdbrcccctMoMclceswcbccDcmfskccHcnFCccRclcCccxcdzkcKcHcRNAQzcAzdrluHcvlcIcxOyMihnEOGJQPPwQbcbpOcG",1.18305e+29,1.8546e+07,244,0.666407,2.56927e+06,857092,1.71218e+06,857092,857092,0,857092,857092,857092,857092,1.71218e+06,855087, 191
"[113]AvKHOILOJqKKnQyteNtDwwpRIqGRhtAdDjrPMaQDPRDrNBvsQdyFFApxKjvqjyaaiHieiQowyoHKCOiFAMgdQvftuvDzigMngQprsHyhyjKqDGMFh",1.18305e+29,2.92605e+10,3099,0.671053,2964,975,1989,975,975,0,975,975,975,975,1989,1014, 192
"[119]ftJHLQfqIKqDkOoFNDslINLAqpjJRiECdloBdCwGnfHOcDoHzCshAwoDaxrFfaLDmuOuojusPAuKKnHOyeiNlKzPbgnEKOLDFfOQJFCrjdekjFIdPjuujal",1.18305e+29,4.95692e+12,3046,0.663438,1239,417,822,417,417,0,417,417,822,405,417,417, 193
"[89]cKHHNqIJqoduqdFzCwdDwINyQhxkxwwqPHAfbwQpwJEoeHBecjhatBgJQwoCfHppjPasonwcBQDHOEdHqIuqxpJPj",1.18305e+29,1.62428e+12,3332,0.668627,1530,506,1023,507,506,0,506,506,506,506,1024,517, 194
"[86]KQmHcscuGGAKJJzyFDdeLopkleDERKaEwRKkORHkFluEDMjkJFhtvitKIsvNtgyhpOCwdEBFBPwmsEGFIDNnxL",3.05176,1,2506,1,4,0,4,0,0,0,0,0,2,2,2,2, 195
"[87]dcmyJnllsNmaKljzaxgufcPQPnotnHGRJrQCLsBerOPyNxctxlghjcwuecBkCDccoFLjLfcqlCiqjHiageQJFKA",4.76837,2.25,290,0.875,8,0,7,1,0,0,0,0,8,7,2,1, 196
"[49]JwDimizHOIicBwaaKHcRwcCGxFbGOyqKkANICDfFGLjqtjcbI",1.18305e+29,7.14367e+10,2654,0.666119,19486,6505,12980,6506,6505,0,6505,6505,6505,6504,12981,6476, 197
"[107]JGlqKGCarvuvFhfcmisuDAoFHqqaDyyDeyRkCjNhMkgjxdlmCzzAQIvkpGFqhvkNDFBnqztdsvmdFNhaKENgJDoiIsBttqhlcnfsDqekpjK",2.44141,1,2536,1,3,0,3,0,0,0,0,0,2,2,1,1, 198
"[100]cGzepccjsfHEcchjcxhJHcccpcKcPDclccHRhcQccRHgcucodccFHccyccIcqKcgjqcvpdpcrPccczcczcckLcccKccmpzcctGic",1.18305e+29,516.988,132,0.680664,1024,327,697,327,327,0,327,327,698,371,326,326, 199
"[101]MqrKBJjiJvGcqiarGmmkIjFEEEcyEdapBLcFajNQCPHmugiEphryHdBeGDFxpsmLCBNnhCucOIJFcmglLsFxxyllEtyyMuqDvMMeq",2.44141,1,2473,1,3,0,3,0,0,0,0,0,2,2,1,1, 2
"[104]jKLKKKjtGCDRzCRoqqgpQvGwcJheIzQgmsdzCBhCzoBpQKMfwjrvKfzdiuGvetcuwmGLwCKaflqOLKQeiFAnfkypIiORPAuQuuhBhQxw",3.05176,1,2150,1,4,0,4,0,0,0,0,0,0,0,4,4, 20
"[133]KJtGChJPjfCKeRqvcaILKKsIiLNLpxDIgCHeCcxJnsFsnDvAJcqEBFbQHwAukJLpcuHRKgRoMkuIzkKlhsFrFAEdODHIHhrRKKMbnlmJRRRBgjqxFFIqwJEzOyJliihFFmICI",1.95312,1,2496,1,2,0,2,0,0,0,0,0,1,1,1,1, 200
"[64]JHcjadRncfIzDeeCgQIKQddRCHzLPADoonqCwOoQqspcwusjohmMiMhaCEdDwPRe",1.18305e+29,2.34084e+10,1164,0.680144,1113,356,757,356,356,0,356,356,758,402,355,355, 21
"[110]bdoGioaBkLAKkyxBHoQEJvbjiMAcKgPbJrHliblyjwGRyoKICtJrwjPtJItfcGHzlhyHaCJyhHFrlagFmOoNwBGCoojKIaNNdDKLQwuQrjNRus",2.44141,2,2551,1,3,0,3,0,0,0,0,0,2,1,4,3, 22
"[114]JGvLAyrQKjJinPKofoFsCNMGIzLJdIrxMGMcLcrbDKylLdOzAzpemKhkdlJsGfyDGCsvwbKtsnnRwNkMzCbbJMdRLjFAabncQuGIhkKHeeeyzsGNMO",2.44141,1.5625,2470,1,3,0,3,0,0,0,0,0,2,2,1,1, 23
"[71]eCbFkbrtKjdHcRwdsdfddIiwJBbcFCrnmtNuqumcmRMpPmgKjJedQvrmNgJlClmzcJPLeAf",1.18305e+29,1.02951e+09,1587,0.659646,2374,808,1566,808,808,0,808,808,807,807,1567,759, 24
"[97]uHlJoabGiaHRqdNqftCObCidIwJebfofIRxfiddjgPPgyJcLmBFECQHpveuJtIKqxjlqfkGERzkzdKJnKIyPpFKabkMQfECAJ",1.18305e+29,1.18305e+29,1054,0.667592,3243,1078,2165,1078,1078,0,1078,1078,2165,1087,1078,1078, 25
"[93]qdcLfJjpytLGGgKDERHDIfwwnrNewlOPebAAGdcMyoLhicaFRJRHiqJxohzaHcQCCKkKhPeHCzOgRpsycdzdpvOmwqMGD",3.05176,2,560,0.833333,6,0,5,1,0,0,0,0,5,2,367,3, 26
"[78]RtPIeHthxgEtxgtsdkuyKpcaBHcqIJqeppbCilDgLRjiCRuHoChjsJgbggcIpRCLFOlktQmjIJnGFr",1.18305e+29,5.32245e+11,2987,0.670045,3749,1237,2512,1237,1237,0,1237,1237,1237,1237,2512,1275, 27
"[88]KGJNBsoGkCHQdKhtiFaFeBLjOeFgQHcNghfEnPDocbKmbvcvqjKkijpHyHJlRpylovRqlQLfmdMLOqFCAbxFLIoM",1.95312,2,2491,1,2,0,2,0,0,0,0,0,2,1,2,1, 28
"[98]lKHoIoJlqBimRCiqasPMplEPzhFLOHpGqGooppIgfyGrthjKlessxCCqnvrfGebCvbsdoiLyuOlBmEzxPfJvedEwAuxxGqjMGG",1.18305e+29,1.39525e+11,3076,0.665898,6504,2172,4331,2173,2172,0,2172,2172,2172,2172,4332,2159, 29
"[97]vccfcdbcedcyafnkeoRCcFnMclIEfPIgJqOKgJsBqjcQzDELpjAkQrceFqaKEKpcccceffpHcxccrceAcQaccacccGzuccacg",1.18305e+29,1.18305e+29,652,0.68,1025,327,697,328,327,0,327,327,327,327,698,370, 3
"[64]qKhkfGqqrpReLEPqoalifxbkgdcCHhhKtzJDIJitvEhEFIqdhIbmwIqmewwsmPIc",3.8147,1,2530,1,5,0,5,0,0,0,0,0,0,0,5,5, 30
"[96]kmrHeBQcDMcAPcccccqcnLfvEeJPkOocGHcRpytbpacbckPzFiCwGcqteceNvbGHcFwDcfcxcccpIhBmIdNjKrCKiCfQIcvp",1.18305e+29,2.48921e+06,319,0.666169,6698,2236,4462,2236,2236,0,2236,2236,4462,2226,2236,2236, 31
"[82]KGRntrwMOqvyddtanudvvhczGdbzqxeGPPGpODgmnqKKevBAkdElAzzNbFglrarpDOHuiOtAMftpNjfFbL",3.05176,1.5625,2506,1,4,0,4,0,0,0,0,0,0,0,4,4, 32
"[127]JKGuvwuFOzDkLPNjlzJwitLHAMNMOcLvetDfinGfkNmjCwLqlmjcELQnyfBlsKiRFHeLAQoNKJhvjyeiIilfofmqmGJMIjQexslGJQjrfEQpOaikNnErpwAMvflGgKM",2.44141,1,2490,1,3,0,3,0,0,0,0,0,2,2,1,1, 33
"[103]JGxkPpdgvNDmdPGlNgKBHlDDctJpxepNGKBaACttbvmmhwoHapkMzNLAjvQDDbrrdAyhJBcbuIzIqtjNjyiaznfixhBvRqyrbDGfjfH",1.95312,1.5625,2555,1,2,0,2,0,0,0,0,0,1,1,1,1, 34
"[95]KdKEoGFrwMgrKljkAAEGzuFRbOFPrOMJiczqJmKGisnkIGyEtJGnGHjaKILqDFFnkGrbzphdKjNLeGHjOkOuNxboRPdPkkE",2.44141,2,984,1,3,0,3,0,0,0,0,0,0,0,6,4, 35
"[100]vdoJHbNCDjHLCnelemrKlJmPmGsrKsDQjjhEPIlwMeKlxERHvaeBlFdEqlPDmljhIKRAnjwMLHwpbwPRJnCnhvybMhpwDNEBtaRh",1.18305e+29,4.61649e+13,2015,0.668949,40749,13489,27259,13490,13489,0,13489,13489,27260,13770,13489,13489, 36
"[74]KHoIOJCemMvMDaNjFnczFhxtjwGnFdnkqRbcnALDPrNGLrzfdGNrsJvxOMmQNkPIPByquahikm",1.18305e+29,5.71494e+10,3465,0.666667,1398,466,932,466,466,0,466,466,466,466,932,466, 37
"[101]HcNNcRzcnPdGPcccyycQfyipcaweIcOaBNiJjRdPhKcmhfMmwNefGechLJlCuercIcEammPBncuAlaoocQascFAtjHLjroKcPPvcr",1.18305e+29,1.18305e+29,322,0.666662,7.52427e+08,2.50813e+08,5.01615e+08,2.50813e+08,2.50813e+08,0,2.50813e+08,2.50813e+08,2.50813e+08,2.50813e+08,5.01615e+08,2.50802e+08, 38
"[100]HCHynClCjBkBFBmwFDrExFpRtOIEcPfdcccfcfcBcEoKDajwbhbPHxPpiQpjjieMHcQAJorxcwOaNtqfKaHpQrJHOqRnpqMfpJid",1.18305e+29,4.86173e+06,627,0.663575,1617,544,1073,544,544,0,544,544,1073,529,544,544, 39
"[84]uoxkPyHfQQqccwJMvcPcNpaHEDkCeKqAGfORvJCzbuxDGghetHcRwbMdcNcwveIcuNccMclxcKOshcwcccbe",1.18305e+29,6018.53,378,0.661146,1449,491,958,491,491,0,491,491,958,467,491,491, 4
"[74]AKHNqoaGIJqAzLlOPrkrLwFOLkjhkzxDfclHikKhAAyeLBwKeOPaAlOIDxqotEfqbypopOFpqz",1.18305e+29,2.53794e+12,2970,0.670951,3112,1024,2088,1024,1024,0,1024,1024,1024,1024,2088,1064, 40
"[108]KJyrsyGLqINfvFKzAfExiCuEKmAaBEGMDKlimvetmamJzlzptGakbbjngByjhzewIRcwHevEsDmeDrsEPwNgCzhmxxvwNEvMMyFzeCmROzvR",1.95312,1.95312,2509,1,2,0,2,0,0,0,0,0,1,1,1,1, 41
"[98]bvgsGJnbaHRawfabFfIKqxnuqhpEdzeJQlOdAHFeiacsfCEbFOQRqdyBiNhhpAonaCPGCqfHKaMscHwnxBmyrKPolGqapRpdqF",1.18305e+29,1.49814e+10,2691,0.66055,1308,444,864,444,444,0,444,444,864,420,444,444, 42
"[92]ccLcbEkcBfLFLkcMchccjcNKLcdcopHkrnlxmuxNIMOxgfvccucEcnBNcJKAARRbHcHrmcjPGscQKrHzLhcrcrucqePr",1.18305e+29,1577.72,245,0.666266,4162,1389,2773,1389,1389,0,1389,1389,1389,1389,2773,1384, 43
"[96]CPaGPxORDKgcKqPrjCcHfpIBFdmgFtsdnehtaEmCfGdHDChpFIoajnazOuDzhiRRPdccRJHcNeQcmRpdqpcbcdIIBcfKPcGA",1.18305e+29,1.38179e+08,654,0.677116,957,309,648,309,309,0,309,309,648,339,309,309, 44
"[104]kaKJjKnjJwHmgItGpPGqlKBkEoktAquPlRjnMIoofqqQJojgBGHzyJvtgyNrynLyyJDPqhMqsHxlcsCpNakgGiroEtpcvkajJKFCJvBj",2.44141,2,1036,0.8,5,0,4,0,0,1,2,1,4,2,4,2, 45
"[112]JKyvGqMJbiOAjnFFdMsqkwbRRqdagxqdqcDtdAAJLItCiDLnMmNIIynDmMJtoOrbdDnJRAfLvLIigADscJCMDdhgInHGagIvjMRECAapzEbdeQMw",1.95312,1,2528,1,2,0,2,0,0,0,0,0,1,1,1,1, 46
"[85]QMAzffuckifNRmEPdJmraBfszGcDpLQHftevDuRwrdxJBeaHfqbfeIDaeheFeKqQbxbPDqyseaahhmFqtJflK",1.18305e+29,1.29943e+12,1535,0.665587,1235,412,822,413,412,0,412,412,823,410,412,412, 47
"[124]cEtGNwKNOwjGOagBqBQMioRtPwgooplQRaRBLsoIQKChxBRvegcPhJtCRydLDBBJteuDswADjdgGKcpbyLQFEEACiHnPHJnhCyEQtGwGdCBDQkbIbmibxskcrNpp",2.44141,1.5625,2563,1,3,0,3,0,0,0,0,0,0,0,3,3, 48
"[80]PKbeGqmtttJCafeCqcdNjNiPbpuJFALufmfhyQCfBPzfBnmnhGczPNmmkIFfnguIaKoHmktQnxykvOel",3.8147,1,2555,1,5,0,5,0,0,0,0,0,0,0,5,5, 49
"[80]iKKJsbGOaBqfpxaweaBfdLxCEJgdgLGwuvsFFHKnCfaghsaCqzefxqBlQKzaaqPAKIJrPhwFbKAmlRlG",2.44141,3.44141,2437,1,3,0,3,0,0,0,0,0,2,2,4,4, 5
"[82]KLOvGBkKitGkaCdGfelnryRCocmlnzBInwNmcCMcDbjCkpxeDapdRiwgzlRiFvCwGzxjGRzmIvApkoBfiD",1.95312,1.25,2465,1,2,0,2,0,0,0,0,0,0,0,2,2, 50
"[93]BKuGHKmqjQxDaxQKMPNpHiMdibHgPINBFiwFCLwJieknGijMmdARennCBJhtaAvCjHDRxfIjpcLNikqIpbFQnoRIbPJwr",2.44141,2,2541,0.9,10,5,9,6,0,0,0,0,0,0,316,11, 51
"[93]KGjAfkQLODwhwpxinvsFPKnnfNCdgojhGeOejPdHFGxnuJJktdjNJBjoHmOHKnpBMueawdnuRGOQEegwCzglBHHmvGKlp",3.05176,1,2516,1,4,0,4,0,0,0,0,0,2,2,2,2, 52
"[74]hKHbRDoqxMbivaCxEtFmPcNzDRFOGFQizpheCuQErfIELeHzucyznaLqohKcdzHjKKDFCfEaIJ",1.18305e+29,4.29944e+14,2219,0.67117,3479,1144,2335,1144,1144,0,1144,1144,1144,1144,2335,1191, 53
"[88]JKtGCogRsIfQMDhmLsBjwnMLfnhMNeLKnQQPdetriCbxLaMNovdzvkqDQNexfNfoMgDpobzwyjbzeNHcENnwjqdD",1.95312,1,2432,1,2,0,2,0,0,0,0,0,1,1,1,1, 54
"[98]ngOIoKPGJMpDadwkHHRdqReFCOLEnhNfgMqcKwOerQFjnyKLAMpwCPRDmFHDqODuKAhnNqxymDjzNqAynbEhtNCbwPiJmiwgll",1.18305e+29,1.48368e+07,635,0.667355,1452,483,969,483,483,0,483,483,969,486,483,483, 55
"[26]jcdbwNcJDeeyNdqHcocpqnIHKL",1.18305e+29,1.13805e+17,3457,0.999576,2358,1,2357,1,1,0,1,1,1181,1180,1177,1177, 56
"[125]ADiedaDmxjEwJHhoDqaljrixteIKqdOgdKGoPpsFKAqweyfrzaAprHuveaeBrCrDHQpMgCOpudIvDoNkRIdGbkxnGBFevjeatridLCepknNwPasKCmulQkIsdiAdL",1.18305e+29,2.72509e+11,3519,0.657126,1712,586,1125,587,586,0,586,586,1126,539,586,586, 57
"[103]doQBaarCtLsgdPjOOnEOIbkEPqDKoGaEOoeKjzRFDLyoKCynKfIaFMuBeGGiLlLljscMHLeLuJMbIHcNcqajeefpeecbebdfMNcQIKq",1.18305e+29,8.23609e+08,1024,0.667366,2384,793,1591,793,793,0,793,793,1591,798,793,793, 58
"[103]gPoDpkLBQCrqGODveQBNiphplDvNhiCCpMkugktGojIcDqJqpRJObKQaeMGuaccdbaaHFcNqoecRlcFIkcqDQrFrLOwKEQxuQKMoclc",1.18305e+29,5.6598e+07,1908,0.668824,26572,8800,17772,8800,8800,0,8800,8800,8800,8800,17772,8972, 59
"[107]JGoMdPRPFOsFPNnbfLqqgnyNJohIpAjAHwoymrPdiheGDoxwwDQMhQmNHtNssidNBuihBPJsftpmPDRKGqFKHpHHJyuLnewuBAsdswNclmK",2.44141,1,2529,1,3,0,3,0,0,0,0,0,2,2,1,1, 6
"[94]KkilJDEPfuahfhsxGCKRDukaruchpMRnRKuJGKmuGjsQoeyFEabHNguJAJGeEwAMeMGlpnagDagszrugjauBmCRRcHrzvG",1.95312,1.95312,2548,1,2,0,2,0,0,0,0,0,1,1,1,1, 60
"[123]JucJacDerjzJAalBFijkDIPfOgjRHmujFONGdbNKeyLDtpEsvPOwbAccFpqhNEjbAeyCbhFaJjgnxQhIeJngKshbxkKCEzJbzegNbrwvlnhGleKtsAEIlLiCjgr",3.8147,1.5625,2472,1,5,0,5,0,0,0,0,0,5,5,0,0, 61
"[84]JJsGgQCJRHbABiJIBrtBdltebCDnjGhAlcaFjwPbpGRjEnhlQuakAACHkBmgermpJNlrDnaPfLhpFKnxLMul",1.95312,2,2529,1,2,0,2,0,0,0,0,0,12,3,0,0, 62
"[80]HprGJBHnsEGqFxsDPQRcDrhEGHkzuxCjiKdegKhmanxBpDxwjpAvxqMgpOBGmPOGkfEtqLouQRMyMmEf",11.6415,2,1840,1,10,0,10,0,0,0,0,0,17,15,0,0, 63
"[70]JaaGrongQAnFCMCFbHixdPzmbFzNxLGGJOkMbjCacGgNcyJfyxAPLniOsEmlKDblCujmFM",2.44141,2,2543,1,3,0,3,0,0,0,0,0,6,4,0,0, 64
"[109]JHNJHoIDernoKJjqDtsiuLduNhKcEgLiAacsgHbCClsLjffmFNyyDNqHIKAcExkRclvziwgIuvrCFxlIccJPHHLqcQiFAOulCaxlMPuNqgQRa",1.18305e+29,3.65756e+10,3694,0.659401,3074,1047,2027,1047,1047,0,1047,1047,2027,980,1047,1047, 65
"[96]KGcjQALaLPgvJFbqtAinQdBoFRAaPKnimtioMONezqqqubBEixpOkwdubcfkDmuGCbRGrCwMEfHgGQRRmRHBOwxERknurCxk",1.95312,1.95312,2526,1,2,0,2,0,0,0,0,0,1,1,1,1, 66
"[97]owtcEqzlRhbmcAxOxAbwLDDPLxePzvhmkvsqMwQeEqaIJrikLlrcGijnLPJeHcOcoqtcffcajccPcFQfDFkcIKCOrctFcyMGi",1.18305e+29,2.6988e+08,508,0.666782,8640,2878,5761,2879,2878,0,2878,2878,5762,2883,2878,2878, 67
"[80]DqkNGwJBeaHcqbILeQKqcCnGxNgLtpukBKxHObLuCvwsbwPudIwJIxjJjliNrmRjHQrkChCHGMksGxAx",1.18305e+29,7.21326e+13,2307,0.544033,224674,102444,122230,102444,102444,0,102444,102444,163328,60884,61346,61346, 68
"[102]KGbFopeabKghNKPvkRRNMIrIhshdlMPgmADDPncmFvJMOjkFlzEhAqnKLhcyjOQoLBBwGCwDpdHjJdbQsLsteEQbObMfyoGqOcrRhm",1.95312,1.5625,2479,1,2,0,2,0,0,0,0,0,0,0,2,2, 69
"[102]BJMNczlODthGJmvjGPzmNAPvADyQppfJCGkuxmRpdyxAHaaiDgOgEtKIjOKEybvcBMtNoMgxajDzPbhnudNAotzDMiybxmqwGocmEy",2.44141,2,1157,1,3,0,3,0,0,0,0,0,6,3,0,0, 7
"[105]ucxDzhvopQKcoddkMfnHicHQqtLkmMbbNCjmcIEncwbCcLxMcmzJfbgickKkcaAxcRtjjGCCAsBHumeKMvsspLNbaLIfshvtxDmvEpnlo",1.18305e+29,1.18305e+29,492,0.667193,5697,1896,3801,1896,1896,0,1896,1896,1895,1895,3802,1906, 70
"[104]KLwGcJowGKNQFEtQeeHwRJKDnrOvsCytLOxEbLDCdQayEOMpAxeRbGGCmMoorlixOncELukdRBDaRcsCappHKiuJBpQRIuLbFhujygBI",2.44141,1.5625,2481,1,3,0,3,0,0,0,0,0,1,1,2,2, 71
"[97]RJwzyuqFLonumvNvxLbvlKBEtqlGqOzfhLjLRipBoMwyLQfyhblmFcyvddttJvccaceKxwccacHcNcCFcpcqbICtKfaqFveca",1.18305e+29,2.01076e+09,631,0.665205,23719,7941,15778,7941,7941,0,7941,7941,7940,7940,15779,7838, 72
"[103]syNdHiyJMtObGCqNROBzkfsCumcHnCOHmdhuhvwBxmlgKLOcbNwCNdHQBHpeGOIOKoqHwdCsLmidxBoatBbfGmEOOHLBPFgsQzbhfEi",1.77821e+17,14693.7,2459,0.682474,485,154,331,154,154,0,154,154,331,177,154,154, 73
"[68]KMGMOOhlLGoRDrLGzGikAaNCqhGJAsoKkyCCqPxHpwnzOzwRsyjIHwKvJGHpjnsAGqwc",2.44141,2,2507,1,3,0,3,0,0,0,0,0,2,1,4,2, 74
"[99]KENqkfrpeAaoIomvFnfwxbkKEKltwoGqqrkIjqKNRuBnNcPaDzNEoPjDhyLClwKQnbxdkRmgGIjHqcrtahyRcohnHypQnCOBeKJ",2.44141,2,2558,1,3,0,3,0,0,0,0,0,0,0,12,3, 75
"[101]cPRRwccIPcQbcmbEccMgcDcscfyccccBscyfvicccMqzmcRgclclczcKnccmcdzudcckncNfccOpfBcLvAtccJomPcccgcBfHcccP",1.18305e+29,516.988,129,0.671636,2482,815,1667,815,815,0,815,815,1667,852,815,815, 76
"[109]JKtGqDAtFQvbFGnLcDycvjxAKvfkevdQwEOQQNaOvLJLylgERANuqiyCHcHrtHdQmRmbIJqwbqENFsxjlQxcOhkGGEOyHPvpsaawxhBJAElRH",1.95312,1,2522,1,2,0,2,0,0,0,0,0,1,1,1,1, 77
"[106]xOjoaipIxglluNEGDLcdLpdPDgRhvnbEiDFJcRAMcIcFdFBOGhgErIRcpJfimJpLjEboJscfaefcebcfdKbHbRapefbwFLapIROGPGdesM",1.18305e+29,2.92605e+10,2045,0.667218,226223,75283,150940,75283,75283,0,75283,75283,75283,75283,150940,75657, 78
"[82]ChNINaMxOgDMHGPCnxJEHNbqDHoCBkBfoEhtMfQtaoPInKqlMbNHjwxHaehGJcmDdqzAnqJpCqkaafkbOs",1.18305e+29,2.72509e+11,2335,0.665532,32900,11004,21896,11004,11004,0,11004,11004,21897,10893,11003,11003, 79
"[114]KNeFHyMDyNqImBmrfFjlcjbJKqkruIqIAqJuQLGhBkcjsNdCnlDbkBayOFqAgwtIjdiwjfLMpxmPkqFBBntaufekQojhciQDgoGxirzBnqrzhgGkwo",1.18305e+29,3851.86,1428,0.666673,149640,49878,99761,49879,49878,0,49878,49878,49878,49878,99762,49883, 8
"[103]tcOdDfCchcxcmbHccRBHhfcMbQagcBugcItlcCcFEtscKcvcwwcnqPkOcnvcKxfwhbHcwiOICcOcJccJPldQcccsxcyjmpcfcwgcNjh",1.18305e+29,11754.9,198,0.657629,1586,542,1043,543,542,0,542,542,813,561,773,482, 80
"[121]NgDsHKnvJttiGqnAnNmuvmExPxoFQLsgBznRReKOqvzukDfcgmIarsgxkPkRzQglkOgMdEnpnQfMbyaedlOfCNALMaHsNlLfMyQDAhLPCLlcqAlAIriyfbteO",1.95312,1.95312,2572,1,2,0,2,0,0,0,0,0,1,1,1,1, 81
"[76]oCiOotsAnbkFEDddIJQeaeddKMeOHDedjhnRbKHbPxxdRkEDexMEDseyqyrsKbHpDBkKuGGllojG",1.18305e+29,1.19851e+10,2706,0.669482,10302,3404,6897,3405,3404,0,3404,3404,3404,3404,6898,3493, 82
"[128]KGzrKpLfoOuFfzPgoalpxsnOHtxkBAtLEtisbgjxMfrMchhNqzGdacOQmqPJuuMvxnuwibaLvusgIQklAaevCQtzOMNvmxmiiFCjALxDsHuDQaRnPtLqmnaObIPpqKMw",1.95312,2,2513,1,2,0,2,0,0,0,0,0,0,0,6,4, 83
"[100]pAcccxcociccccNALccgcwuEgJHccccoCvccccOLEcceceIbFjctdAcqccnQdcccwcychbpcbwcKccAocPcqccLcNQoccrcciFBm",1.18305e+29,1972.15,99,0.673344,3894,1271,2622,1272,1271,0,1271,1271,2623,1351,1271,1271, 84
"[83]yjRzQiLbIbKnoyifJgtNICfoGbsQMrOyhCCyKHcRjpbbdbgIDcfJCMuCIxHokirIcRyyhzdirfIyPFhFtqO",1.18305e+29,2.75164e+14,1596,0.666538,90550,30195,60355,30195,30195,0,30195,30195,30195,30195,60355,30160, 85
"[65]oeRNajsEiDvMIxEAGytKHcobqAPdnIJqlAsvoFzDJHcJCHjMtJHMwANjIMKwjoukh",1.18305e+29,6.65306e+11,1789,0.671533,1096,359,736,360,359,0,359,359,359,359,737,377, 86
"[97]BpaBKLHbRqqmvtRQBQgRfJEycLsbMedHCyLdirbIdHfeJNqvsQoopoDHuLDRMIJqFwduBEwEkJOvNxazMomdAxdauLhjFPRPp",1.18305e+29,5.32245e+11,2879,0.664854,32735,10971,21764,10971,10971,0,10971,10971,10971,10971,21764,10793, 87
"[92]KEGqBAjgmhJmLsAtFzOrFidvKFqmGcfMddlzehAzOkMciAEdpKkMBmNyxKfqDQrtBxzIiOcCGJnLpClCfCHMgtneCxKd",2.44141,1,2553,1,3,0,3,0,0,0,0,0,1,1,2,2, 88
"[116]JsGpsMmmQbCMKEFCouHixBaKoRqdaMmBczjmsphOjfbaRnFevxqjnHOMlaPowydgyhwjPEOdRpwFBbjKwbyOrtkAsvFgnsRakyaQBdqGyHQPgurhotIu",1.95312,1.5625,2498,1,2,0,2,0,0,0,0,0,1,1,1,1, 89
"[98]lcKccPcccccccccccwfDccscqcGlnJOckmeNxcNzrcbEcHcMBcxcxcRIcgJccNcicwcQcpchfLdgQLLfzchcLdedocFldvPtcM",1.18305e+29,6018.53,187,0.682283,1174,373,801,373,373,0,373,373,373,373,801,428, 9
"[110]JKFGqRDLxHEDFDOmROJmPhbHxAwmLlQNQsktdldohrBJdhkGOMtGhchvKilcoRtxsCLnBDsvvEpxxFfAFKJhkIahcqLPgiHaCPDDQMCublvCqA",1.95312,2.95312,2521,1,2,0,2,0,0,0,0,0,3,2,3,2, 90
"[94]AMQMucLwKnccomHdRcNmNGuAncacpcHcpnuCcjclojeMjlucfgIvxcJCLHvPjAgRGutRiaIplEQhAzvikDzOeKwcewLzEr",1.18305e+29,1.18305e+29,462,0.675155,1453,472,981,472,472,0,472,472,471,471,982,510, 91
"[103]JpqkjpoHnNsfPJyLlHcGNxMEoqNaqhGhEKfjuoocJtyrMjRDqIaluOPGMGlHqIRFCIxzdBAaNRvEBQqmIIHrLECgojDihpFGypgejsH",2.44141,2,2500,0.615385,13,4,8,1,4,4,8,4,6,4,4,4, 92
"[95]BJHNqIjKqltCAMbAfpeOLOsGpwkvHzmrowKslfxpyQcEpPlCEriBcJjtyFnfMKMKLkBcMdMhNDAFqjBEdGEqIdAxFQFzudQ",9.37311e+25,3.69319e+13,3014,0.677763,751,242,509,242,242,0,242,242,510,268,241,241, 93
"[83]KGlivJnGlfmcvLsxCbfOvxhervLeFsnnJhwnqfuFghFrRrJqkhQDuCFvDBrdcRgRyJEHrQuAazDOdyoMHjs",2.44141,1,2504,1,3,0,3,0,0,0,0,0,2,2,1,1, 94
"[91]JPnJuGECIxksqqykIAfvJtPdqrnPykOebBbJcaIByeIecLjprmpdrqvOgDcGtaRFpckDgpoEwjhLDjaAnIgzkfFnhvi",1.95312,1,1995,1,2,0,2,0,0,0,0,0,2,2,0,0, 95
"[106]RQhymioBAFLbNccoHLAPDaggnpQFbpDgFRBBiFKNdEgftnEnMbgJDFkGFgfNpmjuBdpRmhsJPfdfeaLHcqqaaEPccffxIKqdPypwFhlzFx",1.18305e+29,1.49814e+10,1773,0.674322,958,312,646,312,312,0,312,312,646,334,312,312, 96
"[110]KuGJNMumsrKtFsyCAQyRIerMKDwcminpPziPrHQEedCQhgCmpLhyjjFstfvECvixilNpGNRDLoavOEmOOtfRnOMbkHJKOKdCJfxgHgNHjMMrtb",2.44141,1,2475,1,3,0,3,0,0,0,0,0,1,1,2,2, 97
"[97]KKzGFpafJOxJubfADaqGtGQEpyCKpJcvIicahnghqhruLFJfgOgKJCdbtgCRDFBfEJNkpsqyIsDIQgemRcciMxwRLxmoQmQhM",2.44141,2,2537,1,3,0,3,0,0,0,0,0,5,2,10,5, 98
"[129]JuOvpIsGLDBdcaHiyPHJKlOqNLKGgMkdEhaGkRpCkRNHrdvkjmIwoBdvHynopfMnFHCuNCCQtFuCyKNauyMgEIdHKmweHBdPvdzicQsGgEtnofmkherPnuuGCOoocFpRs",3.05176,1,2555,1,4,0,4,0,0,0,0,0,2,2,2,2, 99
