genome,merit,merit_given,gen,accuracy,door_rooms,exit_rooms,correct_doors,incorrect_doors,correct_exits,incorrect_exits,doors_taken_0,doors_correct_0,doors_taken_1,doors_correct_1,doors_taken_2,doors_correct_2,doors_taken_3,doors_correct_3, seed
"[110]sAipJczHQmojbPbNNJEHcMcKAHEcDafaQvaxcnNCMdocaGElxcRNDeyNKRqaFEReqyRpxldHQcgDHxcJclEBrPArsQLDJsEBRLsJILHlCdbSCy",1.2459e+22,6.31746e+18,2981,0.80429,373,73,300,73,73,0,153,153,271,271,304,150,153,153, 1
"[105]nfGCdHnQeLMezPlEHeNpcdNtmAMvoJHpmoqKHdHHHDBvfcvnhDKhsoRhPpCDMcebSqvcCodJCkmpeIaPBwyfeRyiboMleniIkyeAHBnrL",4.08256e+21,6.19615e+12,3730,0.842593,324,51,273,51,51,0,165,165,507,507,392,227,196,196, 10
"[84]qFebMNJRLHSBnEBSHKBHqKHqAkKCxRzJyKsAIrLPSARLdHCxCHHoAtaEmNbEmHdhfthosoQsuuHKHRDurCCR",1.18305e+29,1.57255e+25,7224,1,504,0,504,0,0,0,0,0,208,208,161,161,135,135, 100
"[79]mcFfoGRLHNJHNJHSBQHBqKkqfpxqgohHoeqmxyHwmhpxQlmyEjlgbbpcifuzfJmjEIgqoOSIowFnkAK",1.18305e+29,2.61284e+21,5586,1,328,0,328,0,0,0,0,0,150,150,83,83,95,95, 101
"[128]PfldOrrsuEHReoJHSKDhLsphDjwHoaqPBeHcQduicNqglpIOJdBNNAjeetHIHMrhfmaOcGLwcCqtullbPvOaNSdgujhvBsSlMstIBNpqEyQrkgMHimHrvLbDgFJCpcfk",3.29787e+24,1.54235e+19,2796,0.805825,412,80,332,80,80,0,156,155,292,292,314,159,154,154, 102
"[116]sdERKpfttaNJHSyezczycQhQaccaHxocGlcLEHDeFuiPiSchCCOoJHQjxxHOlDAfQGeAuAhlNFcAPODRvRfecFIRbCHmeKfBPcPPtHocwzochMgdzeRq",1.70496e+27,9.96719e+21,4169,0.828638,426,73,353,73,73,0,73,73,162,162,92,92,172,99, 103
"[87]pJPGmvcHPCFbESKodtfxcCGojBvniKgdpoKNnwfxbwjSsnOrnpajmQpcmMfIDeOgyjqdiwwhbByolfEaLQqHRzM",2.58763e+18,2.95455e+13,2720,0.816054,299,54,244,55,54,0,54,54,121,121,124,69,54,54, 104
"[95]tHCJyaLsImNakrQFblpNkiIBQgyHFhOdKysgBcPIRLRqMbtllgdBHPaaBadmbBeNPvbcNcJNdGMKnzobSBeapciHwcaOPJR",3.72917e+16,7.74518e+12,2762,0.824427,262,46,216,46,46,0,46,46,116,116,46,46,100,54, 105
"[85]tGHoPkNJOLHSBKCOvOlLmaJJnRJSSoyvuhmeAbwpFHmlLOBbJIBnbkuveblJzLjGOwthNpwCvFKQhGumxdhzI",4.34133e+17,9.31323,4455,1,181,0,181,0,0,0,0,0,97,97,40,40,44,44, 106
"[69]glPjgwoEMkrymHERfKGGNJCzusoOoxzlvOBNebMFudyqebEiGLsPJGnGjhDbCOtdhGNvJ",11.6415,10.3132,2619,1,10,0,10,0,0,0,0,0,25,25,9,6,0,0, 107
"[101]QxmiHgkPEopHsHNJSjbQlDOcfLzfxkGPyQBKDJtcithQaAgcPqeHPpQIuaHNJHOLSHgRfLneMSHrnQKFzRCHMIodoarqhvoIDoNBy",7.42614e+22,4.25796e+11,2881,0.816712,371,68,303,68,68,0,68,68,145,145,107,83,119,75, 108
"[76]ljummOefxtFOnaosocJqebaaHOLHcoKkbaqIHKHcqKHcqmKGSIOdcFMScMDAkCwqzackhBRkzDrt",1.18305e+29,4.29944e+14,5831,0.875862,435,53,381,54,53,0,251,251,811,811,392,392,681,429, 109
"[79]tAHoRKPPgoJjQPAjmHzHlEwoJHSLoqHDIJgkSxmblPDwmojHbfLJOLHgNIQSyROPSKHbgqaIGuHDndC",1.16033e+23,1.62428e+12,2966,0.803069,391,76,314,77,76,0,76,76,152,152,82,82,157,80, 11
"[91]SHEGDDKMkbnewOleGRLHMqpOHyNJgeCmDDtsysQMPpJMpQgtKzgOIHlvEPyxOQzAwPnxJfbGtbGGlRKCOJwMhxGOmKc",86.7362,56.5112,2844,1,19,0,19,0,0,0,0,0,39,39,4,4,14,12, 110
"[99]wlCINEmAqnOiLOSLNJgfRjgpdqweHcNxoKqSfNDEiIzxLEDxrkgkbinrQuGvyGynwqznLDSCgOClJGscNwewdSPqicnHpiRfcKH",1.12707e+14,9.58807e+09,1742,0.821429,224,39,184,40,39,0,39,39,101,101,84,44,39,39, 111
"[66]qPJQbbGobfHEazDehjqzKPJrxqMDwQjqiFkBocNChcKHoJDhuCCSKcdBycjxRLHNJH",1.18305e+29,5.05397e+18,3886,1,381,0,381,0,0,0,0,0,156,156,103,103,122,122, 112
"[144]zxzrjzHRfrhMjffdkpREEQxlMtQEOGPQoBzxHRKgQJqaBcpyIBhclyRbdfffffNpQBbLHqjcgKdFgzcuRQgGIlNFxwMjBJGlyJlFDGCbCQuiyDLzDbxyKSdmeQPuvLugmqPbmIsDSCvEADwB",1.18305e+29,4.84578e+28,3591,0.794677,526,108,418,108,108,0,108,108,181,181,237,129,108,108, 113
"[101]zGGMHehzHOKJjcjdOHkPSPrkqFqIwdseMCMNIKdFfpPzFvBrLQhkrPHlqdOzfzjHaFinvxspDjEgtGmHOLROJPRqcxGqnuMghiNga",108.42,2.5625,2939,1,20,0,20,0,0,0,0,0,20,18,5,4,2,2, 114
"[109]LSaHsvLgAAIKAhIzyyxfgNJsxRkCBwDJmmdPxrBHFcHSaOKnIzNbHRuyaOjiffbNbNidOHeQvykceRlfBefQecnHOKDdoGzdStHsENJHxcSPh",3.80218e+22,1.05989e+18,3335,0.815217,368,68,300,68,68,0,68,68,139,139,68,68,161,93, 115
"[88]HboDQMaLzaoNxaoQMEHzPINJDhqDoObmwMJQalvBxDhFPJwHdIIqOeomGSoDibQoFrsydAiMyyayPbKHNJHbOLPG",6.91613e+23,2.36364e+13,6131,0.802469,405,79,325,80,79,0,299,299,583,583,310,306,618,318, 116
"[76]coQtGReLNJHSEDLKQsFnhExKhKBSPvshghbzambsjtuvgJKhFLypFJuuDSuzNuPbHciMAFMdMCgL",1.65608e+18,10.3132,3594,1,187,0,187,0,0,0,0,0,110,110,45,44,43,43, 117
"[88]EHcoKHBShScfHfqKHbOLocSaoIqPGmRqJScvrfrdDkbNnfgDqBtFAMIFeaoPvORoHwsEgqxMoAnianrqxInkuLpo",2.07011e+18,1.1162e+11,3113,0.864341,258,35,223,35,35,0,58,58,196,196,91,90,132,74, 118
"[90]bitigMkRJHOKGNJCIMGSeSxhRREzLedLeJvzlbpPjkwwyraouxPGtinrSxgiJAjQJECNyLnFImJaoPgHazNbMdFNMm",11.6415,3.44141,2604,1,10,0,10,0,0,0,0,0,33,33,12,8,0,0, 119
"[85]HOmxHOKaHOCEyMIMLGJQjSHbMbcyyFAHngJbbPtuIpEKNDCyBFIDFNPmlPuqtrBHzMQAyJMQlSvBuRzIkvhlw",2.92605e+10,3.14182e+09,3660,0.849673,153,23,130,23,23,0,23,23,82,80,48,27,23,23, 12
"[103]yNdCDQRaGadzmCRAmCwjIIRhQvyerSpyeHgAOcIbNqywbSaGBaCtCdLczuzptzrnHPnRzfNJSNjbesBfBEKlfPSzayeHmuoJHSLxbHR",6.91613e+23,3.23454e+18,3142,0.810127,395,75,320,75,75,0,75,75,147,147,75,75,173,98, 120
"[89]JRdLHPIPKMDHOGnENJRKoaeHPmFzaSvdCOmpIjCCJcHlPgHDBoDCIIsErhHhBzGzsptnhbPQoqDmBuNKSiKqpLqxL",8.47915e+17,2.34084e+10,3068,0.800654,306,61,245,61,61,0,61,61,118,118,62,62,126,65, 121
"[104]qQlzfEGjwlizzFqBpMzhzQszwHRKEeHNRDJCjmRRarEiDmfDEQOSreCCbDBimiobmcQafeffawDDRMczzaiFAPawfILySDNBJtSgNRNl",1.83068e+26,8.56176e+20,4183,0.806818,440,85,355,85,85,0,85,85,166,166,190,105,84,84, 122
"[119]wPhmxmfBcrcFncRqNRIPKEeHPGxoJHSLHMscqryFagjsughDxtOvmkgAmJKzsmHbPGaNFmlJSoyGxkgtFitPdLGGuwPouPMpQuFwSSGrPOQIuOnBCqlaORv",1.18305e+29,1.51273e+13,4428,0.799257,538,107,430,108,107,0,107,107,189,189,107,107,242,134, 123
"[106]wbqlqJzpqvttgbEwHObKHNJibgqDSauxiAfpPbJBqILfqdcqhagkiNzFuftLexnMMMpqNCGjDqdKcyiGDGxBzcdAsykiypzcjDjMHvLjhQ",1.18305e+29,4.95692e+12,3661,0.775338,592,133,459,133,133,0,133,133,182,182,277,144,133,133, 124
"[100]HcvccSjReDOqkybIPKHRKefNJaiHSBSkwOigvFpFdjbzhIOzzBNdGhdHzzFfMvrOQCDzpRcBMzpERHsmQNQvccHOLvddjNcJhoaK",1.79553e+20,8.39735e+14,3033,0.822981,322,57,265,57,57,0,105,105,236,236,118,111,217,119, 125
"[58]kSjaICtfsKigFiPmcQHDDuSyPbkiRMxwyzgOLHcOPRSocpdKHNJHcoCyOG",2.36364e+13,4.57195e+10,2761,0.900585,171,17,154,17,17,0,17,17,94,94,43,29,34,31, 126
"[199]PFQONMGgDSHcRfzkvcNcJHcRyAOcKSOAQvAyOldIzcLHRCNONJHBqclEJQfzGBAykwsIjKHRwvxRqSFNvlMuwcrAlceOcGjxKBSlvNyMFSrkeQvPSyfoKpvRKagaEAcAOrDjHtGSEKnemzFbnEERkhedPRHIsLjvMEKmelhDOowBqdHnaAoCQuhChCAmbxejmqInrLu",1.18305e+29,7.57153e+28,4798,0.791736,605,125,479,126,125,0,125,125,211,211,269,143,125,125, 127
"[86]HOSpCjbbRSRfaHoJSKocdBOCeAvzAySuIFdpCBQLwomSrcsFvzeBJxINsfGfflDenHgetAstJdtrSzFQdniCOL",1.18305e+29,5.77061e+13,3661,1,303,0,303,0,0,0,0,0,131,131,86,86,86,86, 128
"[76]SGxkJPaEidAdqPdmHqmPhizbOyxJBkuEwjiJtPLHdOKHPINJqgbyCMpsPAqzRfLOEOrAEFmGlhFN",1.31209e+15,8.92959e+10,3523,0.803922,255,50,205,50,50,0,50,50,99,99,106,56,50,50, 129
"[93]zFcPmaOwQBPINJAHzeSyPyiDREKibnyezqcofqlAEtdnAkyQnOhejLANgoqAGzsFFMmkfHiGsutDPbCevRPHGLNIEKiDd",2.72509e+11,1.28689e+09,3082,0.751073,233,58,175,58,58,0,301,301,535,535,394,182,283,194, 13
"[115]icNxxkbfwNJRLHSnFeAyBqAzKzHqgKGjGqNBwjlimkzGCqcasexgijjfrAjIuinarASkOGNlEwHqcILqzqqFtKwGPncHikqCyjduzgxPGiOqSLqvQEv",4.75273e+22,1.04967e+15,3981,1,233,0,233,0,0,0,0,0,118,118,56,56,59,59, 130
"[99]HcmmScevvRkKnNBadHbBakciOGEcBEuNiDqGFIAOjxrrEONROFRirvCvDzNbNNvkpxNaJRchOIlcoAmgRdobpfjFOLOJnhQeNCc",5.71494e+10,1.60861e+09,2129,0.835366,164,26,137,27,26,0,26,26,89,85,49,26,26,26, 131
"[68]jvnJHgyubFNIGeNBSjgKtNcJGHcoLqxFCOpMKpNrefyMjbQJfRjAvfPkotHlxikiLiwz",3.43955e+14,44.4089,3342,1,149,0,149,0,0,0,0,0,85,85,31,31,33,33, 132
"[87]wpaPHOSOBOKGmNJqRhfcLGbMRCuIttdkOjidjEaqAcdcbcIvcKraALvKhFfgaBEctAlacJzwrRFDRwGJlGpSGLv",1.12707e+14,3.8147,3679,1,144,0,144,0,0,0,0,0,84,84,28,28,32,32, 133
"[74]SMlDfnxmoBKzEsHOKHNJPDqQeyEyJOAqdILfqBwPpwLuMhzOMrCcbGaFLpPHvoeyACuiigEcuo",1.13805e+17,3.96553e+12,4353,0.783172,309,67,242,67,67,0,67,67,117,117,125,58,67,67, 134
"[92]klyvdrENGADHMFnhhkOQEdRankOfsHNJPyOjQkMFibdpyOadMczPgPqHcpQajScKyfbxFdkSgaRfirJHChIdLgJDeoAH",2.72509e+11,2.01076e+09,1935,0.83815,173,27,145,28,27,0,27,27,90,87,56,31,27,27, 135
"[86]eRKOHNJwaCPkKRbcmpgmhRGslHgLNDFaHbRKBRPGEpfnHPRDopvCfpdvwkPImbpLDfBefBfBcQyeEfdLaeHABc",6.78332e+17,9.01658e+13,3157,0.825623,281,49,232,49,49,0,49,49,120,120,113,64,48,48, 136
"[101]MSylBaRpROIFcvjceRiFiRmEzEKSKDooCFyABkARbucAHJIgoSIpoQueIgSGKxwmqRFBOdbrFLfcljaNgfOrgbuHbNPLHMQJgOqMS",8.64516e+23,1.23388e+19,3094,0.849432,352,53,299,53,53,0,349,347,688,688,349,347,760,415, 137
"[108]FNJHSLHNCOqDaezzBvfICycQMgifsqBJqLxfJIqaiGvtEQgvcknkDglyBfKFHbSMabqnRRBiiehCoRhnPbtBoCAIASNbLQAJzzqvRLBbsSyD",1.18305e+29,9.01658e+13,4051,0.76555,627,147,480,147,147,0,147,147,181,181,147,147,299,152, 138
"[166]iDyAiapRxxiNQyONCzxzttriQvGBzMtBcoEHNJudPqhxcHShcKCHQHyvfdkmFpfOGLmxjeONBvrKQpGrDtaoixvfrExCJRQBiCHsaoBKJPjNuDSCvcFaDLgRJfsFaPsfrspoIniJFRsfKsqxmnnsQBCMazInAgrdBdILwe",1.18305e+29,4.61649e+13,4051,0.7875,560,119,441,119,119,0,119,119,204,204,237,118,119,119, 139
"[75]wdSECBEaqjFhIDdNJHSLHPIPKSkCgQPJGMwgKtfBIMPDRBqPLMkuylGEIciSJrbSqlLgNeIlnJp",1.17164e+26,2.20131e+14,4190,0.77572,486,109,377,109,109,0,109,109,160,160,109,109,217,108, 14
"[103]fpDSdipOGKeghraaLLpvhcFybyesMDDfaRcbAiFJyoBpjswFftgPwhwNyBHRdbKnJHSanaleycROPINetDefzRzzmHOLFazHNJHnCRv",1.98483e+28,2.61284e+21,3466,0.916905,349,29,320,29,29,0,148,148,667,667,527,379,345,345, 140
"[84]FypHNJOcPBcHSObDIKECHqOrcOmAguPmzLHjdeSLjqIxEqQIdiOwpvDxhgMmIGPBlSHShBOKMavsmGRHMxjK",1.2459e+22,5.71494e+10,2976,0.827089,347,60,287,60,60,0,60,60,135,135,61,61,151,91, 141
"[95]HPInaNJvcPSHqKHqbFfKHCzjEOMhDqaLbOgbvvmuFFQMLfqaHCiPyvszqtkRenIcsyqpHGbkahzNjvrvAKvFqpNhxdRHcRL",1.18305e+29,3.50689e+20,4127,0.997006,334,1,333,1,1,0,1,1,160,160,85,85,89,88, 142
"[147]icegANleFlQbRtiwdrBIMesHRLHPIHMKHNJPFqbtHbFLRCdPmkaGHvibIDmxCFkexQppytPiGOmaarHcFuLNCstoArIqlozrNeAnfqPsgQsNmRFCENtdciDFjGjkDkFmQJemOkuxPhGQixLagJa",1.18305e+29,2.1312e+27,4583,0.791391,604,126,478,125,126,1,683,678,987,987,882,694,1172,687, 143
"[101]mwHGNJSBKCIiKwBKAeBmeJsOatJHdODOvhdzLSMuuSHhcvhINsuOtfjPxIIhEiqnswqyFMqthLMSkinqaekyEQmCjmeltoRrdEevF",11.6415,5.96046,2721,1,10,0,10,0,0,0,0,0,8,8,2,2,0,0, 144
"[102]OhcjCzJxqyhgENvLklAndPJQBJSQKcfbOeQhphkGNKelLQkdihOoRLoaRDedyKiHjechRbNJQfpSnbSdgbNfGHeKPjNwNDRaBHNqlf",1.18305e+29,8.72938e+26,3747,1,306,0,306,0,0,0,0,0,695,695,402,402,398,398, 145
"[94]DBfzhaCdeNJQiBeHbPFpLOKHcCpCMnCKnQPNkQbCRFMdEvswmsBNinhjqggpSbnjkFBezqCjcBdNfQiccIyiQGLmaMlwaQ",8.47915e+17,1.40884e+14,2739,0.843284,268,42,226,42,42,0,332,332,760,760,686,354,326,326, 146
"[106]SCJRLcHNSBbcHyzqbckbaeKqtpnkCAufsFqyBbEzLnAOLnfINSgIpgGeKrlBhfqnKnkKotwFNIqKxiHxwhSibAtPLPibMLcMvSGOcGHEfM",1.18305e+29,1.32487e+18,3777,1,344,0,344,0,0,0,0,0,154,154,99,99,91,91, 147
"[96]FDJHSKHifcNCRqDafBFBgidjkIALqAmHKRokJOpugMmwjcxjylJEMCbgvgklayqscuogJIqqOoLrFknwAOIllwJzpfyzNGvl",5.15292e+24,1.12707e+14,4659,0.774892,462,104,358,104,104,0,104,104,169,169,190,86,103,103, 148
"[72]kojtxzwNJkEolHOKPEHNCAoeFHDSMoGnlKjjEzdoRDQGILtJDgybRjqAHmgBbnaqtPHRgPgz",3.40637e+11,3.92727e+09,3306,0.855422,166,24,142,24,24,0,24,24,88,86,54,32,24,24, 149
"[122]phmlEBbAxNJHBocJHcRBoajMLHqNcCKjacHqKHqKHqGykqkrQvLHkadSxLDHKtmtlexqazcOvElGGRQvKQHpkHOtxdtOqnGwgExjwxqgQHsMROfqPDrLDzqrKD",1.18305e+29,4.12234e+24,6431,1,391,0,391,0,0,0,0,0,291,291,170,170,183,183, 15
"[102]BhwwNJPlPIPcDNcsRbLRBHOBqKjqtQMhkbNBEMoCuPmxJLDQjNFrfGDnxblRuoImePAOBwMRRwHKGIubeJHiOyuRtGidllgsoLFLiE",1.90934e+16,1.62428e+12,4100,0.919598,199,16,183,16,16,0,16,16,124,108,41,41,34,34, 150
"[104]oMHcdGAeoSJqBcDIfMdHsoverFtchtEeDCHQjgRNviCMShNyacosBtLtFwemsBhPavKbDvFLCbrGupQFnfvilOjHAgwbegDAcmFBvvMm",11.6415,4.05176,2542,1,10,0,10,0,0,0,0,0,14,14,4,4,0,0, 151
"[91]EthbRKHBpddepFtebydwkvczHNJSeRGjoMCncyPJbrSrisvuwdbxALADmNQKvCQOAxpOcKywfqILthHNJlelfRKEHbr",1.76105e+14,2.72509e+11,2762,0.847619,210,32,178,32,32,0,32,32,103,103,76,44,31,31, 152
"[98]mHRamNbJpbqmbOLHPISdbDARFRIwRExkhsmdotIDQyDHfyQeyzfkEqyyLalQlRnIcRQubhjhbRGPKNPCFlvAbxAPAflduHoJSL",6.379e+21,7.21326e+13,3920,0.778607,402,89,313,88,89,1,200,197,375,375,191,191,372,178, 153
"[75]kCpxnsDcBqnGhhOKNbJRLPaGjacfHSPoofqBKHqKHqMadjbGKkCjejNbmKELfBIcQcuFmhJqkJy",1.18305e+29,8.56176e+20,5738,1,353,0,353,0,0,0,0,0,862,862,466,466,459,459, 154
"[120]jRcpoatskxkehmzwAyfuHNJpceCEHSDoLbDqsCrwJOkfQlmSGJQLNuSgHNfGKocaQHHcgoeEiqNAllfcIOaxLSoouewhBQQxDrughEdwMqgvbedgJfoRFjwh",3.57556e+26,2.4334e+22,3694,0.802661,451,89,362,89,89,0,89,89,177,177,185,96,89,89, 155
"[156]kwDMMOjeMgdgJNavjbOdzgEPfINwnniSctjzvnDafKEDyicdaMMojsmcQcdoHgdOKOaiOqgcFNJhsfePcLnRhtHRdLOERdHNJPpqgIDiSpiCPrgnQrhnOjNcplMkpELCShhNaisgLujFdwLetGEeDtvtJiJq",1.18305e+29,1.96568e+25,3868,0.804688,512,100,412,100,100,0,518,518,840,837,686,536,970,603, 156
"[100]GRKHGeNJEGqdEJlNsQBBxvEBhAyAwzKuupquPGJqkBrROalrnBOhjcDLAqzDrfNcGbdzRwSLrtezbSsOkOlplMnjEMmhsmlBRfsE",11.6415,3.8147,2728,1,10,0,10,0,0,0,0,0,8,8,2,2,0,0, 157
"[83]PRAhbyofFbpoCfjcogaLEHRCDpBHOeqGqNEvHcKdGsBCPIzNdjjdeMbHOKEcbhcHQaacJPeKHeNbJFMQbeq",4.00417e+15,1.51273e+13,2303,0.827869,244,42,202,42,42,0,42,42,107,107,40,40,97,55, 158
"[82]RFrzRKGHpzNJqiRrEIOdDIiKPhJoCRNjpBNuSEdCscGsgSnslCzHOsLvqNadKjyPhufPAgkbnSmGDwIfqR",11.6415,5.76837,2736,1,10,0,10,0,0,0,0,0,26,26,8,5,0,0, 159
"[73]eaJHReafaGPIpfcwPKDelmESKCKnciDFfDtfCNoQPpQrswbECkoIoJcKLqmPzjipQbdNJHSLQ",5.77061e+13,1.62428e+12,3767,0.821918,219,38,180,39,38,0,38,38,100,100,39,39,80,41, 16
"[136]QcAiieeEcSjwExGjgGnAtczRLARLjycuwpSEdlbOxEjebktejNFQgruHbNJHEaPDOLqowttMrdNNggtkAqLAfAkaJSKhywEefomRRcCOxBjllgtExDGmxNJmssbjIKjljckddlne",1.18305e+29,1.18305e+29,4709,0.783333,540,117,423,117,117,0,238,238,387,387,238,238,480,242, 160
"[106]kwdqcCeFiFPnrrHAEPRlIELpuPuhoFoymCmflEfsRfgIqHDafFbJyeAMdibdvHGRKNJqJnfPPdwIOvjQGQFvscKhAmOvdKQDmiPglAldCw",11.6415,4.8147,2679,1,10,0,10,0,0,0,0,0,12,12,5,4,0,0, 161
"[94]jQMmshRLMHNJlnSBqKkzCkODgruHecgjSQryRrtvAqrbIxjlKdpngHkKRevxzBlSQAoiuBEizgtcOwAgJFpgwfqpgPqIBC",7.97376e+21,22.7374,3142,1,225,0,225,0,0,0,0,0,118,118,60,60,47,47, 162
"[95]cHPjNJlNSoyNGKxHNJPweOLqHNjmHfzMLMpbmkzpfrzzzzzhfERfHqtnhKbwfpqOIJfKawKGJApDLQjNksmpGddRzJeAIcl",6.379e+21,5.82683e+16,3527,0.799465,374,74,299,75,74,0,74,74,141,141,75,75,158,83, 163
"[92]OeAHOKNJGqAldbqkvyOgrBskBOigSJrJmxzLnBFBhCodshLEvPyOkCkNgFRFrbLnOOAdCMRofwbKIMrJoQKoqtxjifcI",11.6415,3.44141,2698,1,10,0,10,0,0,0,0,0,19,19,7,5,0,0, 164
"[94]jtcveqxmGdJcOkOexiidQJfbFIfjvqlBOwuLSslfReiOimEdmdDlrDESFEpterOdewBwNJHRKHqOGILHqdbGIoPkwMRILk",1.01623e+28,3.69319e+13,4529,0.76087,552,132,420,132,132,0,132,132,171,171,249,117,132,132, 165
"[84]SoEquepMNDthbskdHNxPayPDQHvoJHSOadFdpdffhKEqlwClqrJOmKyjfgjysAIDLILDgCHrmwKgxKywGsOM",2.20131e+14,5.71494e+10,3114,0.826667,225,39,186,39,39,0,39,39,102,102,84,45,39,39, 166
"[46]HbQeaaeefbDRKHocEMqGDCbJLojxBufaMnFBJHSLHNCRqI",1.52747e+16,3.69319e+13,3879,0.829365,252,43,209,43,43,0,134,134,318,318,136,136,280,146, 167
"[80]hJnSHpefdbaeedecaEobDgFLDShPgnKrdiwdzsdOKHioIqFaqadEFzwjwxiAisORDShuBjehObIKboon",5.32245e+11,1.49814e+10,3191,0.837079,178,29,149,29,29,0,29,29,88,87,34,29,56,33, 168
"[107]zzzNJRDPyRcGHoCKHbNqRqaIFLqQvBuFaoaBaaxDNllzjpvOdaSeCtaguPOSAveMnpraLhhLkhbIIzqEKESjAruQQECdjjlszgzqpcjCdzw",5.58681e+26,3.7655e+19,4791,0.781186,489,107,382,107,107,0,107,107,172,172,211,104,106,106, 169
"[105]dzHNJSndfDGlfjHLloJzBfdmHbFMfBfRLHiroIpmoKCkkSAvdbMgdqAedKPtkxqyPBwOMkMjCElokSmxCyveFKSKtnurnIaheadAFxnpG",5.5329e+23,1.67222e+21,2745,0.822751,378,67,311,67,67,0,67,67,161,161,67,67,150,83, 17
"[57]aHRKHNJigqbceICsExjAaeniLqcEtrBgzfPmBHzixqkfvgQLaimDLBflL",4.00417e+15,4.25796e+11,3198,0.796296,270,54,215,55,54,0,54,54,109,109,107,52,54,54, 170
"[128]njndHNJmAFyazlufvcSOxKBezOptptlfifoxtHQnPFNJHPduSRaLAqeNBxxAGzHhQKQfMmukaQrINMLwnhoIslRchJxpcjnuuLdQpSnRsrFlDSOryIFKhJKgkDcHQrEI",1.00643e+25,1.65608e+18,3234,0.822055,399,71,328,70,71,1,141,139,283,283,138,138,299,162, 171
"[71]zFHOKoJSHiQIoLSqiJCPcGfNwIfebGjNoGmdlbqkSsxpiQGAiIReDmaKCaywkLRthtmjywC",1.2459e+22,1.62428e+12,3838,0.783042,401,87,314,87,87,0,87,87,130,130,185,98,86,86, 172
"[100]mGHcSJfEQqSJGbgiQKgqjnSKQKGebiMBOqaSkzjEEBguLczogDwvSpfRwyrwmskMMCtAaIsDGQbjrScnOJawMRBkeHPxOdqCDwEF",11.6415,4.05176,2566,1,10,0,10,0,0,0,0,0,22,22,6,6,0,0, 173
"[152]kgouQgmbxEkuPwsezpuOSCogsrRiiqnjbIlqSLmRrbplfyiJahreAQIxFBmOzxBeHRKHNJqIBdaLHOLHqmazIBaeEBliaKBeiljqaqbdjpjposkjMSrGLfkEmhhNrPcfckAcjsuvavNSIqzEObaxecPP",1.18305e+29,1.18305e+29,3446,0.772194,597,135,461,136,135,0,308,308,419,419,566,326,374,305, 174
"[104]jCJQeQSFmIAzLQbDNJoaLHSjRSHbKBHqGKkhMNiborCQinLsPQcsANGRCAMiBlFsaIxvxalxpmgekAQfNDGvBoiyrvFSEdOFRoAQcKuc",1.27029e+28,1.08065e+24,4378,1,289,0,289,0,0,0,0,0,134,134,74,74,81,81, 175
"[133]osalvnzRSwgexHoJSDefiAMdrBdKHiDglqBaeHleHoefBdILgbqeaqdkaGbLyiOyScpaiAKsyPMmurIaoRjIuIleniBENNHcwHCQpQvCbsejcohPRbLcQmFdkDhNjiuufnDaf",1.18305e+29,5.99879e+25,4573,0.783133,581,126,455,126,126,0,244,244,368,368,470,226,244,244, 176
"[96]HnaKFPnvNJDcHOKydHNdoPDMCEqvDSkPSQivlnNOiyePEyBldPcMmOGrBdfoQDfoIDaMLpviyllvbyliuEuKvMupkfflPFsL",2.61284e+21,3.47306e+17,3023,0.817919,346,63,283,63,63,0,63,63,140,140,143,80,63,63, 177
"[126]DPDbHNJHvaEbSKHkaFPDqnwlaQkILSxKvQrAKsFektwjpEFNmsLjMOIFEozjBgCtCKftdQqtJtSjnsEqDElEwhRIEcBtSmewgNrQwOsBpPygroGiPcOKbektlwNaGJ",1.18305e+29,1.40884e+14,5201,0.790055,543,113,429,114,113,0,113,113,185,185,245,131,113,113, 178
"[69]cFzcNJRbLRdycHSBqKHqGKkCFGSpEnNFHrjpoOnSANkgqIlGnQDOuceDmKrLtbgrRbDGN",3.29787e+24,1.92794e+19,4618,1,252,0,252,0,0,0,0,0,127,127,58,58,67,67, 179
"[167]FpJHbSPciDefIBHeBKoOHgpecdRMqIOmMnhdpdxjQSjllyLgQfAPbOQceREEzjqQsPGMnAFfgeKsmfQKsPNhgpvzeLpAgEktShPdnCwJiarAEhxdIDqPdhtAetRiDrKcdiwShEtNnJnGjHLbLoCpQcadAKQSLqkysPwMJJi",1.18305e+29,1.18305e+29,3589,0.772344,593,135,458,136,134,0,134,134,196,196,263,128,135,134, 18
"[81]FSHcocJHNCKHNjQaOCILSoONSbjxSxlnvOHBksxbxSpiSmkQfuajDmfBfahOwQNSlnzcPQoyfzytAnDpO",5.58681e+26,4.61649e+13,3967,0.808989,445,85,360,85,85,0,85,85,164,164,197,112,84,84, 180
"[99]hHNJcHbSSKqJIjPENqILqwpezigbNAFvgCaCweJrEBEmybRPNeuusrQMHarnMdbHNgMwBIMdqHtjNrtGJbgOPPlyFJnqEcNPicw",1.36397e+27,1.03954e+12,3233,0.770874,515,118,397,118,118,0,118,118,176,176,222,104,117,117, 181
"[114]tPumlxQMEdiMoBoaelegOPLpGtvHRLoJSPdGHSaRvfREDzxsDherEBaxaIpntKRfSebNzagRiHcQatoSdOHFflePGmbcqhqyRgttNCugurfwejxiLl",6.379e+21,9.10442e+16,2662,0.821839,348,62,286,62,62,0,401,401,842,842,442,436,811,410, 182
"[81]jGycwvhzPBptjmaBeBdARABdcMrvHPFOKNJlCJKqcBjxugocytbiEImwQnjRHfjMcLzagliAQAjBHNJDD",8.39735e+14,6.65306e+11,2800,0.862559,211,29,182,29,29,0,213,213,580,580,459,246,213,213, 183
"[93]ucqgDEdbFwGSIwwskwqPKMmvGEIatSfltFwIzKOcMLeKqwmyhDlsdrcvHMKHNJgqaILqIgoObiGaPHdisNhoAkFFdHdzS",4.75273e+22,4.95692e+12,4021,0.750538,465,116,349,116,116,0,116,116,152,152,198,82,115,115, 184
"[86]PkmzgtmvrPtNoRdAsaHGNJSMKBpLJqMqJLyCvsyfBdFRHhlwjIwmttvwHwEstpKdqpIchQvptklucIrhFoEalh",28.4217,2.95312,2770,1,14,0,14,0,0,0,0,0,15,14,4,3,1,1, 185
"[104]ebChezQqpiOHGAHMaOHEPitDMccjcxnizCstEQzzFNHtNJPFHSKzzfHRaqDxFsCMKRQhKvzxcCBbQoeiAIFQinpfQnLBfBCbyNleBpOo",5.15292e+24,1.92794e+19,3429,0.82732,388,67,321,67,67,0,371,371,726,726,744,373,371,371, 186
"[59]dPKHNJHoCLHNGPIqjeGIlGOiPNOIQhRvdPmngyPBvajqwfSynMSsisqiNnR",4.66146e+16,2.95455e+13,3488,0.84898,245,37,208,37,37,0,165,165,428,428,164,164,346,181, 187
"[100]RBfHNJHNqMbpxHPalRncopAQQFdDcrwKoSPeGHowcMqxpEJjNuEDoOmcBiffIFrEpRoadGLDrtSaktfPruBNlvNamEJGRLRRxupj",1.14914e+20,8.39735e+14,3497,0.812121,330,62,268,62,62,0,228,228,476,476,458,230,225,225, 188
"[91]RdhntHRKJSscuHMLNJHNJHOLHckbdqlIKqeDeHQwgBqlhARdurdEQFMjsNDtotPeucBrzRrMsGvaSwRvpOIOxFlmEKc",2.38667e+16,3.96553e+12,4196,0.793706,286,59,227,59,59,0,59,59,108,108,59,59,119,60, 189
"[61]kSGvOhFEBqajIvdnBuHRKHpaGNJqILHRqJqzjOPsfMgyAasiPltCuiIQzipit",2.09027e+21,1.21018e+13,4019,0.784416,385,83,302,83,83,0,83,83,140,140,162,79,83,83, 19
"[87]gjDPaEwNMwOoRoEexdbMKiGoDebbEHHFpIOPJSQfxkcaePacKlfHBbSqIQicAyjoGNoRcoepgllQfgLMzSaekNA",6.31746e+18,1.31209e+15,2745,0.838596,285,46,239,46,46,0,46,46,136,136,103,57,46,46, 190
"[108]HQcwOKpHDyveEdiOpGEAHQhodxbHNJpejDiAxHHbahMgOmALezRHgmHNrlONpAEyBbfofxRGrHgSaQolczIlLQgiSwawDzrSQCKkneRcEAgR",6.31746e+18,4.57195e+10,2281,0.83391,289,47,241,48,47,0,77,77,216,216,167,88,77,77, 191
"[107]DnzQcSozaHOKQkjwcCyhelthSDpKLLQLuMDyaHPhuEiNrsMtvHSNlbfcNJdAFaEHPCxdSAKqwyJPSpQLKDCAyIlkyiuiEfBdIteLgyjlPGQ",2.09027e+21,5.42666e+17,3203,0.821114,341,61,280,61,61,0,332,332,655,655,698,366,332,332, 192
"[100]vabbeHEDOsIcEASoJHSoRPiKHbNShaPRdbKEcNlfjjaHAsevbpeDPICfcBPcLcSjaAwbRIyCewPlSGHyStdxQfhFElbOekohezNG",9.96719e+21,2.22276e+17,2536,0.842424,330,52,278,52,52,0,52,52,147,147,132,80,51,51, 193
"[153]iirGdgzjswurABzlhuzbFziSaFmlsHPaiRKHNJPNqHcayIicdLRqHHMCoQeGJleqmCGROBlEjuFFrKIwlnMMyGOBrMouvkJFgcDgBxqwgHoEALhjOeIzfgAsFrzFvCunAQCSusbpDOQrmiyPyCAjBQdma",1.18305e+29,1.18305e+29,4490,0.756345,591,144,447,144,144,0,144,144,183,183,264,120,144,144, 194
"[136]boiheyPGlOzehejHleEPBcDFnILrDMwFxPyFBcHNFMbQJRKHSzKHqhOPDxeEuIMfIvQkeBwebdGiAQCKFvgqRmtEajgdFHpiSftQdrJaqxFtHCFgmIgMbMGdxHyARKtqKlaPMMhv",1.18305e+29,9.19311e+19,4015,0.794118,544,112,432,112,112,0,461,461,799,799,969,506,461,461, 195
"[93]etcdPJzQeexuxHODFeNqfNcyzvRPInaDeGcwucrvKHMKHcHwEwADvMxsojMKADqLqFtpgLRLnzowrIorPaKHvlfhBfdez",5.1032e+21,5.82683e+16,3421,0.828909,339,58,281,58,58,0,336,332,601,601,336,336,706,374, 196
"[97]EsodkOapvbzufHNJocPdcQOHQkRKikNdlHcNEoSAOaMsMcQRcBvldRGySnbMpeMrOSetxRccbohfIBcHncfleQvPPQdEPhjeL",1.42257e+17,9.68148e+12,2443,0.841085,258,40,217,41,40,0,440,440,1108,1108,925,474,440,440, 197
"[131]HwdSQefaefQKCceocGHSfcMNABlbBOhNGoqbenjQpPosRuoKEdcOgdwdMRCjNIReHDJpoqnKuIoABMtsMhLlllvBvuxkjozfgcCbhCxsiuhCDgwAvInONueLNjHPiPBOdoJ",7.49848e+25,5.88359e+19,3686,0.812207,426,80,346,80,80,0,80,80,171,171,175,95,80,80, 198
"[88]FDJHSpiKpdbhHNCRMoaqILqSBFCNkGgbfBjiEwIoHgDCrKQfwSAclDccuxNstreJQrmxFQcyzheJppsSBsxquxKo",5.99879e+25,3.69319e+13,3820,0.800454,441,87,353,88,87,0,87,87,167,167,187,99,87,87, 199
"[80]HSKCoylgREKrJcHNJHgdPbIOeEOLvdPKNJNGHkeqaDeHrBqbMSkSmxauHdOfpnolLBgfJDCDgwkOJRjh",4.04317e+18,4.57195e+10,3444,0.790274,329,69,260,69,69,0,129,129,292,292,129,129,265,136, 2
"[93]pgfekzFuBpDvyyAhHRKHbNJqFBfILMCziDrKxaQstslDusRBzbderDLtbqCRhjtCEhNROhiybhoSvonuzMxQFnIobLSEk",3.0124e+19,3.96553e+12,3642,0.810559,322,61,261,61,61,0,61,61,119,119,143,82,60,60, 20
"[91]azBezaFczshazzzzwBcEnHnukOOOyRGHxBPkNHHcoKBNJqavILMopvxFMqPxtzJkLPBAsDfLAicrycPbLOuomGLfGRS",4.00417e+15,2.72509e+11,2911,0.807692,260,50,210,50,50,0,50,50,112,112,99,49,49,49, 200
"[74]ywzgasNJBfReLHoHfStQebcbJhEDyAmtFdBIMsRLJsBFEcmbSlOJMKeRbdBHMEofGRDNOIxlHP",1.54235e+19,2.53794e+12,4337,0.930131,229,16,213,16,16,0,16,16,111,111,64,48,54,54, 21
"[78]thbokSsGqEaldDaJNJHbSzfPagKEDrMdlItGkMaraegoyNhlGkDOtabHoycMDSggOILndCyBazgOcz",4.75273e+22,6.78332e+17,3624,0.793451,397,82,315,82,82,0,82,82,137,137,179,97,81,81, 22
"[91]FNJHSKHRqNSILHSOqnFEQLFQgmnHCqzzgteiFguxrHPSlKjqnCDgOzSOsEFMxnMHsbeLMbOpQjQJzKoSADIEfJyjdBJ",2.83285e+23,4.29944e+14,4357,0.808184,391,75,316,75,75,0,75,75,155,155,162,87,74,74, 23
"[69]kaFRKHcNqNcJHqaILqfsmioILswGeokofKDfytrzqdKvdEJnmxKeSunoxyhfGanBIHQah",1.31209e+15,4.95692e+12,4140,0.788104,269,56,212,57,56,0,56,56,102,102,111,54,56,56, 24
"[74]jcsHRKHNJqyILqfoNjeLIestBNANiKBEDlHKPxIHzHtbcIeeyenFpvinecvKBEPnMxajbcQpNj",2.09027e+21,5.77061e+13,3792,0.781491,389,85,304,85,85,0,85,85,136,136,168,83,85,85, 25
"[106]xMGRKHHaMNJqIiHubuvLxeijPaLMQJstfRmDESisfAKbJPNwhfvxRGmGNAwcbJHKiLxbOocHCKijefLGhHsbindGNjuzzOMbDkuquBwtSt",11.6415,4.8147,2694,1,10,0,10,0,0,0,0,0,42,42,19,13,0,0, 26
"[64]yFGGPGlwtbsgHcoKJldBScAAouGHcSEilwfDvPDtLpKNcCEDfxwdEKMcajIfsjhm",11.6415,11.6415,2706,1,10,0,10,0,0,0,0,0,8,8,2,2,0,0, 27
"[83]jcwNJHNqKHqILHqfMPJvqCetpjpiomnidvIElBQgCOetebDhBePPDruQHeHQbmoeyzyhutCtjigxyOzpqPB",1.05989e+18,5.77061e+13,4820,0.820069,289,52,237,52,52,0,52,52,127,127,110,58,52,52, 28
"[115]HoCkqDNJocoQBRbLOHOqHSQfdfnnCgbKHbSkiSEmzenqLHHmxypwMtiwMzqalQsRNvAfxEdapgrFOosdLPfzORrttGrbkLuGwxJQIQifAFONyMOaRzb",1.18305e+29,1.52747e+16,3930,1,396,0,396,0,0,0,0,0,159,159,109,109,128,128, 29
"[87]ykoFsNcGRdcMFuHRKNJPRqHOqmfzdxHQpBeObutOMoeEFzHapQbxBpBuflRBIiNrxfxeamLcBPANDNccPehSNPN",2.07011e+18,4.61649e+13,3188,0.835714,280,45,234,46,45,0,139,139,331,331,294,154,139,139, 3
"[102]CpzkuuplRCftdmvqPnEMExuaEhFDskhHmthGpISurDROgfzcrpBpQbNycmxRLzcHRNJHSBowbSKHqKHqGjAqlcSdMBdjnBOFkuEhho",1.18305e+29,3.04175e+22,5526,1,351,0,351,0,0,0,0,0,508,508,275,275,271,271, 30
"[76]offNlfrOpdabfCHyaEacDRumLxSNAvrtAjDHHNJSiboMPiDOSsHwSKhEuDDAuSaKtjoLoiNcJHcq",1.68851e+24,3.43955e+14,4207,1,249,0,249,0,0,0,0,0,131,131,53,53,65,65, 31
"[121]scqKbbllOHeQcbovBpsacPgdmKjNjDpcChpPrpDKkhHpgfNPNfFQDEeoFyvcohfuoaAvIffRChkvhngLlCvMujRnnBKJGILfHqrcwsNJHSKEdHRaqDPxblgsL",1.18305e+29,4.61649e+13,4012,0.76936,594,137,457,137,137,0,137,137,190,190,267,130,137,137, 32
"[111]AHgcNJSQafecefdvAMencbOaRrylnwdKCOaKogwtAROFmhHRkqvwNQpaFBPBynqccqIpDaegpgfldDeemGdNMeMdBlPGzMvHlHcnLvcHmHcPIqP",1.55737e+22,1.32487e+18,3172,0.82948,346,59,287,59,59,0,125,125,273,273,127,127,264,139, 33
"[94]awHbNJPbIQbfKzeRLDemcgcbFHSoBKgaNGveybHcqnHJoqNgpDSOGhxMaoCOgolvHLBjFFxCQqNapiewBaIPfaleiLRmhO",4.04317e+18,8.39735e+14,2474,0.844765,277,43,234,43,43,0,43,43,127,127,97,59,53,48, 34
"[123]uBQxoxzsbEvjDwrgEkgFjkjFDLlaIvSGvvtwHMKHOCPIHOLPGHPDBqOLgQJqDLMwJhCmwrzepqOjiuNnimrpqxNNacwrnoxQbPsqmreINoqEMCNAMytzQDmrjcp",1.94672e+22,7.14367e+10,4730,0.806971,373,72,301,72,72,0,287,287,656,656,582,295,307,302, 35
"[90]SjJlichAzfHbMNJsHoJHoqKypcadEFSDdgFFtNrtJEgisHPIPLNgDGpEAsqFskNbmEcJIkjENBjHEjJFzoStqnesKx",1.92794e+19,5.71494e+10,3318,0.803681,326,64,262,64,64,0,64,64,122,122,141,77,63,63, 36
"[227]hgfztbNEezOEzzPjpezpxzznxzpaRzochPgzFnzEHObKHRdyNDILOGHijhDourfjFogILCSsqnrtnPCFPgRlsQSqHvoJHpmPFOKqQRMHjhcommgkhzmSSreuMwzoqdLpejBxunDatiCLlwPBvnafKoamQcrpuNuLDewLyHzynIebjpwAoqyrksAlgkQJJHACdDAQywazcpxybmSRoyoDFrcjJxRMmQgeCrx",1.18305e+29,1.18305e+29,7044,0.783362,577,124,452,125,124,0,520,518,706,706,1029,510,520,518, 37
"[69]wfqKeKKHCgHeFjyFxqiqFQurdEvQjRDijafNJHSKmbxtDiHBkcJxtwHRLNJHNJqIKHqdO",1.05989e+18,1.89091e+13,3720,0.782875,327,71,256,71,71,0,71,71,121,121,72,72,134,63, 38
"[100]cfHcSirnSAJquoIoKHNJHMLNoHqJqfJjpPhfqFJzxttigMvSwyPjBkAqcHIqqhxbdHPoSeqjqeAOciDFzJCrKtzEdIwvuwrSsLDI",1.18305e+29,1.21018e+13,3672,0.785171,526,113,413,113,113,0,113,113,181,181,114,114,231,118, 39
"[71]fHcSuNcJofcGHcocqQHwfqKCebEInuRaApGxDvlEhJzuNzddtsyushptOzGbRbjQzbwHfLH",1.18305e+29,3.7655e+19,5293,1,366,0,366,0,0,0,0,0,265,265,153,153,149,149, 4
"[95]fSKhNFHtsentPcNJOLPIHNCLHxcEPIHSjeBKHNJHqpzadbbKeRANgQdfsKHqGEDkgJdskrQQezFwEKBmpxduCnGmixkhRHG",9.96719e+21,2.20131e+14,3491,0.819209,354,64,290,64,64,0,102,102,239,239,166,121,172,115, 40
"[90]tBknyuzPevObGQdaBHckNcJScyKHcqbEfFIaLoCtrGGsLhrALzNqRlaPKlSOlLDIDoxyxrBqmHbBMfIksNNNbqyQNy",6.379e+21,2.36364e+13,4080,0.831361,338,57,281,57,57,0,57,57,139,139,142,85,57,57, 41
"[80]rHNQapmEtlrMuxHNJGSKBCNjgEEIDJMwCoCJqtQdDsRatpvNrnAJgGJLCfrjOMkuxsNxtwvlLdkQRJGE",11.6415,4.76837,2721,1,10,0,10,0,0,0,0,0,8,8,2,2,0,0, 42
"[50]pJHNqpuleKkcdHvNJHOLHqGFeIqaKokHHdzxgoASgjrAGOozOn",2.05013e+15,3.69319e+13,4390,0.848889,225,34,191,34,34,0,183,183,520,520,188,188,403,216, 43
"[103]HOKoebHEccSReqJHqrJHqfAtotkIlPxarAPvAJDHFSeuHwEPwPowcENIgcLHqaJHqLlkteDBjvIhEqnohcGRylPPjldKHpywuLKnfhk",1.17164e+26,9.01658e+13,3743,0.791304,460,95,364,96,95,0,95,95,160,160,205,109,95,95, 44
"[152]ERdKQbdfiHqxaBadaukEhoDmtwDOEKbqCFChdnxshNlgMhvxHvppOfEFnsJDBzulvuBttACaAlgcNDugPeGpaifpljNPBdlfFlRNuOuurayxzdxFwheEvaHBfdeuoJHSLMdEPoHRSgMCIOomcldPdjHN",1.18305e+29,1.18305e+29,3991,0.789216,612,129,483,129,129,0,1099,1099,1606,1606,1090,1090,2232,1133, 45
"[113]gjediAexdadzoMvbkCjavaNlGgLJqrlIPPtkitnKPpnMAHBPJEArvyitdFleHShPeLsuBPeHbOdOLBSHPIHtfERKpfIEtcHlcPGODAvJDuNnfpzQo",7.42614e+22,9.10442e+16,3438,0.79597,397,81,316,81,81,0,81,81,161,161,82,82,154,73, 46
"[93]lHSKpmScaGMRkkdbvaincHMNJNSofbjadvcmpnPDaBePwBieEBdhKqvKeHFcPlzijSjyrikyvxBAeQHMnQMdsaAPIPpjL",1.32487e+18,4.00417e+15,2576,0.816327,294,54,240,54,54,0,113,113,233,233,228,114,113,113, 47
"[168]MoRlbizaBqzxzeEHMDJqQhgKieSGRNELHRFlfPIPKOySGKhrNtiAAAAqJLGKOhelJBMyQHFdtjvNgjqteLEBhSnvihFOFohoeyNfuSuimmiPIKurHqqHreqcBNahvIAPCnGABAuixjLkLbaKwtabyFbGMDAtgotkCrdAkMdJ",1.18305e+29,9.46442e+28,4098,0.767055,601,140,461,140,140,0,140,140,191,191,140,140,270,130, 48
"[101]SnapfKLFvKGnRdAjfKkMwthdvDRcxPGrGRfabkqMMHKwoLsdzQosnmpRKSubJcLQxSEuHtMsPQRdbLHNJHSnjSzvdSHKBjSPARKzQ",1.18305e+29,5.88359e+19,3578,1,466,0,466,0,0,0,0,0,193,193,146,146,127,127, 49
"[100]CjmADBacaefyKSfxgHGOqHaJBfSwQMtHmNsFouNKOzQDqECbNObEceghLtpqSJDDaALlpAkfsbnexOtLvjSMGHedhBjLBBIeqgJd",11.6415,3.05176,2580,1,10,0,10,0,0,0,0,0,8,8,2,2,0,0, 5
"[120]szAlrEmnzSaHNJPkHoqneeGPeGyKojMezRlevesEbcHoIRKObqCdnLBeNJvaicCgnoOqFmbvoQzyvbccwnnBqsGBEJcernhsAFhENQbRvoFDsuSOFOKEtCuI",1.35081e+24,8.56176e+20,3599,0.796651,418,85,333,85,85,0,85,85,147,147,186,101,85,85, 50
"[135]avxzjgBNppCHpNRKyyyPGtHNJQkQavbRLSehKJsrpgkIRrvEEDPStzHQoQGOHoMoJvaBDHhrEfjaExeNplLIMquuRheBpsDEjDcJKbtFsCdvEoCzQzlASvCdwevwEchOMIbjmBB",6.91613e+23,9.96719e+21,3640,0.800983,407,81,326,81,81,0,249,249,447,447,248,248,508,259, 51
"[87]eNJHPejaeSKHboQbqNCDmogbIjfBaPRNRfwjpasLRfGHjESbDzbcgBxcIyvweAwSDIIROKOeGofJMuNSLIOLFSQ",1.25804e+25,1.42257e+17,3598,0.820896,402,72,330,72,72,0,139,139,279,279,295,156,138,138, 52
"[111]hFOLHNJGSBKkACArqziGFHSMepKLphGpFnyzspgJHyFFNweoRdgcIdukKEiiNwzISGQBRHCDlAmpGJiREDFOguSEuLrBpwfNEJBQtJNqASnHQEM",3.0124e+19,5.76837,4366,1,200,0,200,0,0,0,0,0,107,107,55,54,46,46, 53
"[91]EHNJRdKHFcOKSqeGeypecnBcFllfPdcPmoOAnHfxOfOipBlAInkfQpipvzRdukmhPLslkccpdpNPnfcOJvtcPaLlepK",1.92794e+19,8.39735e+14,2788,0.832215,298,49,248,50,49,0,49,49,132,130,117,69,49,49, 54
"[149]RBbpcJPIRdcLSdbzEaeEDehcgRAkfleDFtAmjRRmsMHoQKHPGpRxNJHSHPfGDefEiPEOLEDHIyHNmaPASGtbAEwfykFrsLGEzlObBaeGONOzPKJxbLSOxnmuoHpFArRilFQiSIFRweJzgdEawHQdv",1.70496e+27,3.54106e+23,5000,0.813901,446,83,363,83,83,0,83,83,170,170,83,83,193,110, 55
"[112]HNNBcGNrHSeceARKFMBJSJjndnxGilhghrSLxrDwQKSiQyhQMLSGMNIfCQpMxbDholdzMJmCqxQGlKFJukOvNnwFJSEhLqhfcjwDhCjPkRqxgFfz",9.31323,4.76837,2641,1,9,0,9,0,0,0,0,0,7,7,2,2,0,0, 56
"[104]RdcbiHboOLyOldewbEDAhBBIHdIRxFChOwaEdvHNDMoIQaOEKSHtPIfbzdyMDLmGRmNArozrmycbKAfesKSFdcLjIpuitsuxmzuaJHSL",1.16033e+23,5.42666e+17,3304,0.822888,367,65,302,65,65,0,65,65,160,160,84,69,123,73, 57
"[92]EjllGoNEFejOpiGEEhRtHOLHPIHtPGDJkhPMOFMBkpoKLIMKNbJHSFLqxSGhcnjGHvRajfrHoFLcRDJEpvwNRMcBoMuC",2.11064e+24,4.57195e+10,3939,0.806373,408,78,329,79,78,0,105,105,232,232,116,115,225,119, 58
"[101]NJDmePnvcDhDGEEREwHPGFaHeOKPSHMFqrRPcvufuKeGAKqPJcczdKHwxcusnkayfeDkqlbbmIDNkCBIRaFLqNSbrCHKnlIJMwdxN",2.92605e+10,1.19851e+10,3396,0.849673,153,23,130,23,23,0,85,85,339,329,177,99,85,84, 59
"[122]vRdLpBqeeHogQJOqnzsaockdNkAnzHvRdoIDafzLQibfieoFeHcvnQnvvccuszaxRetegfxddbKHbnQccSdpAiyrMpApteMBaRGMoFzCafCKRntkOCvzggyomq",1.18305e+29,1.18305e+29,3674,0.996785,311,1,310,1,1,0,6,6,915,915,558,558,560,554, 6
"[104]HzbvDLlPknwjHFztOKyoOuNJGHbCHDuDgspHBcRwGREMHNBnjINuNhCDzKcqwOjqPFcPvFermvNJcxGlvnyRcagnCgiisySHzMuvrxrg",11.6415,3.05176,2715,1,10,0,10,0,0,0,0,0,8,8,2,2,0,0, 60
"[103]csGHrNJSKBCOORvzfnsqqJDzcxFCxIupKkzlbHSBlgPEqpeKSLksMDrmzSaOIlusIaiMMvomAgjPHvNnCyvMrFuKDowwLjbQgRQyLqt",11.6415,5.96046,2761,1,10,0,10,0,0,0,0,0,8,8,2,2,0,0, 61
"[99]ideymvuRbScpjlouHkDDhhswHRLgfQcbyBzbHHpKHcpeCPcINJPKlHMoOLHQCNJEHfQecLyhdkQerhicpANfJoeLSNAlFNnRglG",1.79553e+20,1.05989e+18,2568,0.817073,328,60,268,60,60,0,801,801,1508,1508,801,801,1624,819, 62
"[176]vdSSAracuLLaRbCGtaOyPhFfEmCtosiGacQPlzEBQJqLvsKQwxmEmLIJnFpzNBCLBFIzejxbqtSdCazdficKgiICBdohENrugywclzOyyPQNiehfCCJnxABkuLvemtvdyNhRafSpBHcHRcKNEoJOcCOHMIqbcpDLHqbvcIbhFFBcQulv",1.18305e+29,3.50689e+20,4798,0.742812,626,160,465,129,160,32,459,396,528,528,647,341,372,340, 63
"[75]mDgegeDejIowrNbniElHNJSMafNeGuKwxHpBgMEDfeyfzdQJHOKDrnnlErfkNPNkSnONILCegqt",2.56267e+15,8.92959e+10,2332,0.818548,248,45,203,45,45,0,45,45,103,103,100,55,45,45, 64
"[90]xHNDGPDPtdEfdEHDDLMIkLHOaQpjNJHSKqsaanyzLOuwksfdxMzlHwNJiHDvfKtydspHcKCwcFeRIittLrDADmxtvk",2.75164e+14,4.95692e+12,3441,0.859223,206,29,177,29,29,0,202,202,579,579,421,217,201,201, 65
"[93]mpJFHgSKHMuGSqxBeQbwIxFRiOBGzKtthsmkLLdHRBEvyABQNBjzIMosfugFfqnoQfoRNuaoRNCRReRLkIknpJxoBoSne",11.6415,3.44141,2725,1,10,0,10,0,0,0,0,0,22,22,12,8,0,0, 66
"[164]wfSSGEblNjpnAjJGgkMoSRFtaeusapJNeprozwokAlrLyMxjQIFrczcwiELhNvbaCFCMHAyObuiCvboKPPcgjMIBRgRikyjIusktHkffHsRKNJHBfcqykicswaONSkdgOEBAuEiRpdxHmdgtaldPmnAILmbnodizheRk",1.18305e+29,2.1312e+27,4235,0.772313,549,125,424,125,125,0,251,251,350,350,482,231,250,250, 67
"[90]xcCogvMEPvgxmfDDsHMKHNJPDqMgPGILHoJqDmaRilDmuthnfhktMddQBrFyGSKCqmpRLMkQCRHJnhFhpPHeFRbSDw",1.18305e+29,1.21018e+13,4301,0.795374,562,115,447,115,115,0,115,115,187,187,261,146,114,114, 68
"[97]oMsHOKHRqNJMIPLHbkNJqvSuEDiPRhiAInPIbyMoxDJcSAbyEgCDIFoPymHuvQvjJJBPrcQOiDGiNjIxAkHNEwkFEltbzhEzd",1.32487e+18,6.19615e+12,3671,0.807947,302,58,244,58,58,0,58,58,120,120,124,66,58,58, 69
"[109]sgpGibSHOKHlNJqGMkfiEhqgzlxjcCteleNfGIHLoffSgaRefEeDMboetpRSHSjkRvEoaBfDetxDLddyniuBtitGMtadkzpDmDjiBevaNuOic",9.96719e+21,6.78332e+17,2960,0.807065,368,70,297,71,70,0,142,142,266,266,289,145,142,142, 7
"[122]HGvfSPgDGEoRiGoeEjKqLBbLqGlcJvsvbpkfJjddtnhQCdygqkgsrisEArANfRsxyzyzHudIuAFrORranHoFPfmvarPtPlMjutGguiIHKasyoALaqBRdIBfNJu",86.7362,70.3889,2915,1,19,0,19,0,0,0,0,0,39,39,5,5,14,12, 70
"[117]cHOKHFnPGOlcOahfHhRLQaJvfHgbgQwcSdPLqJzfxQkstFwwFBCMOOJwRAPKsnibSKdkFOCAGedgAQKACkeQymzrhjvhObKDMDtaHDKirBFFMNluwdebI",6.379e+21,4.34133e+17,3548,0.809392,362,69,293,69,69,0,128,128,272,272,128,128,261,133, 71
"[110]zrvANJmHNzjRKjGjySJOiMGaaHnBoLqJfLPggfyCjoCKFalBqvhdPCaNsLFClGnKAlrooHPicdAEKieuemlwAvfcctymNfJPQIqpllpdxOfczs",69.3889,11.6415,2749,1,18,0,18,0,0,0,0,0,13,13,1,1,4,4, 72
"[100]SOusdySRtMdKAFNmbEfNoHqtcwePndFyxJHpQRcdLhbpDSOAmgOQMPKHvboIRcNFRLjCwDSHIONlEmqSvPKLrdNfRheAIyRSLRGF",1.29943e+12,4.57195e+10,1623,0.844444,180,28,152,28,28,0,28,28,88,88,33,31,59,33, 73
"[83]cCvsAiqDNNSmCFPtpQoMCyvxtNfpnhBKDFuggfmvRLHNJSnDoBKHqKMHqHnGGMbkPCBnGISmQNoHNMCntMB",1.18305e+29,6.8494e+20,7172,1,307,0,307,0,0,0,0,0,247,247,140,140,134,134, 74
"[97]HSLHRaqIKHSjdgeDeeASHymrKSpDCCaOMjEzCoaSzHdSACDocCymDtOxpQesDPPudoNcyrdPnvppAHgctsewQyfdQGtNizvNJ",1.18305e+29,6.98351e+26,5198,0.802491,562,111,451,111,111,0,111,111,187,187,113,113,262,151, 75
"[101]HDoPKpJNglRMFjuONmsjeHRGnhMERKDJwPEnrRFqSuOoKJaDprjymyBAsJSGDFnwlrFckgcIceiynasleFFHeDGbsHoaLHpoOqNRI",2.34084e+10,9.58807e+09,2691,0.844156,154,24,130,24,24,0,24,24,86,82,24,24,44,24, 76
"[103]tOCJSAjnmiBifJzjPznrajsQakqydLFzELfdyRgNQEOyDGmiCtujFBtHQjNqBhoKSyNfleglNdbRBOHpdjRFflfPIplLHARKRBnezPG",4.84578e+28,2.40992e+19,4870,0.901907,367,36,331,36,36,0,36,36,153,153,129,93,85,85, 77
"[109]vhBQuHmJwatQJPdGHRdKPzCckecdPIHbPfxgqpbbpFICJvwHbMEeKteASarbkBfmcjARdxsqLytfcMldxaHReoJyoEczRLqcsHApwISMENoFt",1.94672e+22,8.47915e+17,3233,0.815427,363,67,296,67,67,0,212,212,409,409,394,225,263,220, 78
"[84]vbMqyoganwJFJIdpbSjypOzfMRCcsLehnvQoubRdLRBcHRBdGNJBeSBRqKkNISlkcKCLPImjzfRgCypLfxAs",2.34084e+10,22958.9,5295,1,106,0,106,0,0,0,0,0,65,65,20,20,21,21, 79
"[96]EHnKNJHgQJqILeqdCkJQsFpNyicOcdSCHQmIhhrmHEycpiFvGSoLPaSmOoSDErolewKyKQsneHrFzgyLjnvhFrlSQMSicpxk",1.22197e+16,2.03035e+12,4628,0.797834,277,56,221,56,56,0,56,56,109,109,113,57,55,55, 8
"[153]PcCMrijaEDuzzLHzfkOmzzrvwcbozfhjlnfhzdkzEdxvgnzpDFEtpxszOAizcvNJHSLBeQdffbfoHPIQIQcvQaQqODQeCKHSAeypLlOqyzOziqMwIKGBdBibyduOxdQLxdNvFLSHOEExiJDmlGQsucInN",1.18305e+29,1.18305e+29,3911,0.776991,565,125,439,126,125,0,1226,1218,1720,1720,1226,1218,2471,1252, 80
"[153]zuHOQQLHNJPveqhAvrLmkysgzwBisiqkxsFgRPwqudSuvpNqqPpnGPsnDuqfbaRmheehOdvhOFzgcgeMBirchNkmvfcsdspAdLwBcilNjasofOrehCOrjGeDqJtrOJromtAeaQtIOrAbKHOLyMrlMBwPG",1.18305e+29,2.664e+27,4369,0.792619,569,118,451,118,118,0,362,362,580,580,362,362,750,386, 81
"[115]lQfJHiabwckdSgLpaeaEHSQDifjirNKAsdHagLNErhbkHmmmFcPIRmNyNqptRoKylztlRAmpBkybMFeSKGgfPgoKeHqkpjqHKuaFyfrvLnImaDOeqFv",2.40992e+19,1.31209e+15,2932,0.790087,343,72,271,72,72,0,265,265,568,568,269,267,551,286, 82
"[142]PPcwHRKNJPRqeBEiclILBSNIiSyBbnzqrzrgnojdoynAfSyQDPCjcayrGkuHvvcOfykwqkMwmBJNDaPeSIvPPhBPthmnvRoqlNfokowidLnGaHFltNxQvJxcztpMHfyMcfSOebGxqhkjGR",1.18305e+29,1.18305e+29,3363,0.781469,572,125,447,125,125,0,780,780,1135,1135,1628,848,780,780, 83
"[147]gOkijOCgdcAsteeRFhEukuMzANAFsHOKHRqgOJPuiqIpxLMdmiBBeSldqzvlPEMEPgHFjwcknxvIRHpjyoxyBGtjkmcgzPbyeaCRSSqIytndPemxJJSevwJtpJRsnsbDePBvgdzEoqCGBMLawqr",1.18305e+29,1.18305e+29,3026,0.77314,551,124,426,125,124,0,261,260,387,387,530,269,260,260, 84
"[112]ddhOLoGHcHbNJNqeOPNcEqoQOSBeAsSHcEMFDModxHzhbyCvKeRFrthuyCrqEJoQduqBsIKDspnFqxnOMidSwjlqdfdKFprSwgPponwSvBblfwHo",1.2459e+22,6.31746e+18,2834,0.814404,361,67,294,67,67,0,133,133,273,273,133,133,280,147, 85
"[93]hFnocQLHcocJMqOcKBCLuftDjbQcMwAqwKtRHyHwwkcdrLdcDlEytHIlsFLbMryoFdsGGmzRbzegPGPKCAscPwmbnGbQy",1.18305e+29,2.58763e+18,3027,1,419,0,419,0,0,0,0,0,183,183,123,123,113,113, 86
"[77]EpxSaLKHoaqwbSJMeDefCjIbLFfHqJHqJFCoMtoLBxeERlqMlAiwqcuAxcwrbcHFfRdatpwKIekoG",1.45042e+23,7.21326e+13,4038,0.78066,424,93,331,93,93,0,93,93,143,143,188,95,93,93, 87
"[60]acyenQoEQxNJHbSofjKHPEDKRiIFKNGqHJSKaadtGAxIELHqyNDcpypIdrRv",3.0124e+19,4.61649e+13,4208,0.801205,332,66,266,66,66,0,235,235,544,544,483,248,234,234, 88
"[102]DdwNJHSDexLKJEqmCvQKIwLHPQqIBeeKHqneQdSjgErDPuzLAmIzrwqvflNEPwaMngNEPiLOQhEMSxERRGdifHKjDouRbCLBfIiGvP",1.05989e+18,5.77061e+13,3573,0.788162,321,68,253,68,68,0,68,68,124,124,69,69,128,60, 89
"[101]eHbMnccJPCHbMAFfEpCRDqAAnyCddxmCjoBtpIDsdQSkjgipFlRpgLgezeKFaqRaKnOhoFaqFKlsLdkwbyyjNAjIRzaLESFhGyRke",1.92794e+19,1.77821e+17,2679,0.846154,286,44,242,44,44,0,228,228,476,476,485,257,228,228, 9
"[78]ErFGdhcHxRdKNJNdgHqbILHqDpBgqOoDElNfGLAusdvBKBzMocItzuiLzhEHBFeQEmPoSrMtfbpzLL",3.50689e+20,1.29943e+12,3473,0.775457,383,85,297,86,85,0,85,85,129,129,169,83,85,85, 90
"[41]yuRccLHNJHSnDKBHqKGjqtalwtIDSoLKfqhqszFHQ",1.18305e+29,1.68851e+24,8017,1,313,0,313,0,0,0,0,0,398,398,201,201,226,226, 91
"[149]fpfmNJQbcFHPbIEaFfPDSKqloEvJvLJnLpbmLPRNbaHPdzSpfoMPaMPdwDRAEDKzFbdMigymQshhqGnFzHkSMAtksAAAqCHqHvkFoOEvIajexPwCKrvFafNOwHgdyQnpydMpfOcyofijizdKPSjNG",1.18305e+29,6.91613e+23,4080,0.793165,556,115,441,115,115,0,115,115,189,189,252,137,115,115, 92
"[105]vdHSByKkSgyzpvpAdEunJpohgGABAcKKcbNbdrKSCmdatSpQlMIlPRPzIFdjOCohipIHqKObOptbPtBiQJaxCrMJMtaCPsosGlydNJOLG",2.98334e+16,2.44141,4429,1,169,0,169,0,0,0,0,0,97,97,35,35,37,37, 93
"[59]ykOPJnpLHcHPINgqOScBcSkkEiRKeSaLJldSGtAsQoozaSSNFASjwQDKcKE",6.71788e+14,7.67046e+09,5001,1,152,0,152,0,0,0,0,0,92,92,30,30,30,30, 94
"[97]ACqajnzukuQDxzpjRyOOPLdkndqgzssLaFamQptuqxEssyyqxCHBpJBnSRjHMaHebujFjcivdiybbwhsHOKHNJqOJpffaLSIL",1.64011e+15,7.74518e+12,3741,0.83913,230,37,193,37,37,0,37,37,115,115,79,42,36,36, 95
"[101]AbvFwjuHRKGNJqIpgCJawfJkzKkabChQlQuHKtxrgBmvLyFIperdJyrINhEnskedghxKolkEMwqqReJEkPQEoHIOsqLRfkdOumohz",11.6415,4.76837,2639,1,10,0,10,0,0,0,0,0,8,8,2,2,0,0, 96
"[92]SOCEMLDjmPSrJCRGqHMEoNHwttwQLKrbfaHAKHRkjrpqxojidiOJwcHcOcKOoMBSpDPfqpJQzPOpoepfeyHPIQbvRcGz",3.69319e+13,2.92605e+10,1939,0.835749,207,34,173,34,34,0,112,112,344,344,224,112,112,112, 97
"[107]BdvdRdKHRCaNJBHpbhjgbFPiRFfqCntmnGgAAQFQtAtrsbJjiIScBmtgxhIMAmwtOSidlReSLkyhgBtxczIAuJoadomLILoPnHRojcoGidO",9.28267e+22,1.13805e+17,2823,0.820652,368,66,302,66,66,0,66,66,138,138,164,98,66,66, 98
"[60]fSBtisjqwifnDQsFdulGBkbdwbNbJRLHSnjSnbHEKDBMDvEgSFDuKDaxBJuR",1.18305e+29,7.89683e+18,4048,1,352,0,352,0,0,0,0,0,155,155,95,95,102,102, 99
